USE group2db;

INSERT INTO customers (name, email, phone, address_line1, city, state, zip_code, country) VALUES
('Allison Warren', 'nmyers@example.org', '9351021950', '333 Raymond Forge Apt. 774', 'East Alexistown', 'Rhode Island', '54363', 'USA'),
('Julia Morgan', 'hornjohn@example.net', '6354934746', '38813 Hart Plaza Apt. 802', 'South Kelsey', 'Connecticut', '93706', 'USA'),
('Renee Ruiz', 'madisonmiller@example.org', '4196687546', '9639 Jennifer Plains', 'North Mistyfort', 'Alaska', '45279', 'USA'),
('Charles Mcdonald', 'kristenharris@example.net', '9325822249', '675 Baldwin Manors Suite 235', 'Glennburgh', 'Washington', '73288', 'USA'),
('Jessica Brewer', 'robertjohnson@example.com', '4735345852', '063 Timothy Passage Suite 287', 'Leahchester', 'Missouri', '70444', 'USA'),
('Tina Ellis', 'xevans@example.net', '9201157840', '65089 Quinn Wells', 'South Raymond', 'Washington', '44597', 'USA'),
('Timothy Duffy', 'gwilliams@example.org', '9837418601', '904 Brooke Mission Apt. 976', 'Port Heather', 'North Dakota', '89623', 'USA'),
('Nicole Guzman', 'ingramamy@example.net', '3237668282', '394 Tonya Keys', 'South Robert', 'Ohio', '55083', 'USA'),
('Sara Gray', 'jay65@example.net', '5428902856', '124 Tucker Hill Apt. 357', 'Summersfort', 'Montana', '97106', 'USA'),
('Richard Thompson', 'sryan@example.net', '5953869786', '012 David Island Suite 643', 'Mercedeston', 'Arkansas', '04724', 'USA'),
('Elizabeth Ashley', 'millermichael@example.net', '8011004645', '92002 Haynes Hills', 'Carlosville', 'North Dakota', '20938', 'USA'),
('Cindy Davis', 'smithjack@example.net', '1852208599', '2252 Veronica Avenue Apt. 782', 'Jonathanbury', 'Minnesota', '39505', 'USA'),
('Aaron Ramirez', 'fjones@example.net', '2011472255', '438 Harrington Orchard', 'Wheelerborough', 'Hawaii', '15130', 'USA'),
('Ricardo Dorsey', 'davidroberson@example.org', '5076728623', '02447 Edwards Parks Suite 389', 'Stevenmouth', 'Pennsylvania', '38513', 'USA'),
('John Hunt', 'denise62@example.org', '1973962233', '05448 Stephenson Center', 'East Jonathanhaven', 'South Carolina', '19277', 'USA'),
('Randy Hawkins', 'adam25@example.org', '3213007034', '035 Burke Rue', 'Wilsonchester', 'Michigan', '19634', 'USA'),
('Nicole Brown', 'robin08@example.com', '9270552106', '831 Diamond Isle', 'Stevensburgh', 'Connecticut', '40027', 'USA'),
('Matthew Nelson', 'jose72@example.net', '4855078187', '018 Jamie View Apt. 445', 'West Stephanie', 'Louisiana', '20231', 'USA'),
('Melissa Hernandez', 'qperkins@example.com', '6574919756', '2159 Pineda Mission', 'Duranberg', 'Ohio', '43658', 'USA'),
('Leslie Davis', 'qroach@example.com', '8820806171', '6749 Cheryl Greens', 'Wilsonmouth', 'Kansas', '98444', 'USA'),
('Timothy Harmon', 'samantha50@example.org', '1286825059', '074 Campbell Junctions Suite 186', 'Nataliechester', 'Arkansas', '97800', 'USA'),
('Bryan Gonzalez', 'zhurley@example.net', '7236270047', '54705 Colon Plains', 'North Allisonchester', 'West Virginia', '10780', 'USA'),
('Stephen Stephens', 'osantana@example.com', '4161137381', '79847 Jeremiah Place Suite 567', 'East Lauren', 'Missouri', '38118', 'USA'),
('Jared Ellis', 'talexander@example.org', '9337959081', '2867 Conner Curve', 'South Carlosberg', 'New Jersey', '51964', 'USA'),
('Katelyn Moran', 'awallace@example.com', '2219996093', '75705 Taylor Locks Suite 107', 'Sherichester', 'North Carolina', '76555', 'USA'),
('Leah Castillo', 'ybrown@example.net', '8971233737', '6685 Evans Lakes', 'Jeffreyberg', 'Minnesota', '53901', 'USA'),
('Marcus Coleman', 'johnjones@example.org', '7834966846', '517 Fisher Walk', 'Tyroneborough', 'Massachusetts', '92965', 'USA'),
('Marcus Sanders', 'brentsellers@example.org', '3099606380', '428 Gabriella Pine', 'Hallview', 'Rhode Island', '12663', 'USA'),
('James Decker', 'laurahooper@example.net', '8781978835', '467 Jessica Prairie', 'Port Henryhaven', 'Michigan', '15860', 'USA'),
('Theresa Martin', 'devincarey@example.net', '4073326527', '646 Kristine Glen', 'West Lauraport', 'Ohio', '45669', 'USA'),
('Alan Smith', 'palmerjames@example.org', '4872150582', '3986 Steven Pike Suite 310', 'Meganchester', 'Missouri', '79880', 'USA'),
('Alexis Brown', 'silvabrenda@example.com', '3773391427', '650 Pace Views Suite 593', 'Jeffreytown', 'South Dakota', '42433', 'USA'),
('Omar Salinas', 'aaron29@example.net', '5558221847', '66512 Timothy Trail Apt. 444', 'Kevinburgh', 'Michigan', '86945', 'USA'),
('Jennifer Monroe', 'briangriffin@example.net', '5447707633', '2690 Erin Village Apt. 154', 'Scottton', 'Oklahoma', '24206', 'USA'),
('James Rojas', 'emilyroberson@example.com', '2074123585', '466 Trujillo Key Suite 971', 'Johnnyhaven', 'Kentucky', '47664', 'USA'),
('Ryan Johnson', 'stephen81@example.com', '1197119698', '36177 Cassie Road', 'Lake Robertview', 'Kentucky', '76919', 'USA'),
('Damon Abbott', 'geoffreyfrancis@example.com', '3533988982', '9333 Gilbert Street', 'East Michaelburgh', 'Illinois', '23317', 'USA'),
('Mary Nielsen', 'ashleymiller@example.net', '9924377852', '57504 Jason Road', 'East Suzanne', 'Pennsylvania', '17997', 'USA'),
('Terrence Garza', 'hannah50@example.com', '3534141748', '9667 Jason Mountains Apt. 186', 'Villegastown', 'Ohio', '30082', 'USA'),
('Reginald Bauer', 'tracywashington@example.org', '1726331723', '3520 Carter Divide Apt. 742', 'Garrisonland', 'Minnesota', '11524', 'USA'),
('Cameron Green', 'andrea48@example.com', '4916232281', '7654 Gina Throughway Suite 723', 'South Eric', 'Idaho', '79876', 'USA'),
('George Navarro', 'christopher40@example.com', '2284117436', '7000 Yolanda Wells', 'Aprilburgh', 'Kansas', '19282', 'USA'),
('Karen Cochran', 'davidking@example.com', '1197788119', '893 Tiffany Views', 'New Cynthia', 'Kansas', '91848', 'USA'),
('Amy Ramos', 'nicholselizabeth@example.net', '1284616739', '421 Davenport Run Apt. 583', 'Williamsmouth', 'Tennessee', '19560', 'USA'),
('Kenneth Santos', 'barberdennis@example.org', '4011298166', '4518 Terrence Wells Apt. 524', 'Craigview', 'Oklahoma', '76386', 'USA'),
('David Parker', 'howardwillie@example.net', '1980888777', '031 Holly Village', 'North Mariaville', 'Wyoming', '59649', 'USA'),
('Angela Thornton', 'xkhan@example.net', '7474906814', '1871 Lopez Well Suite 896', 'Markberg', 'Illinois', '26052', 'USA'),
('Jill Rose', 'pamela09@example.org', '8557858089', '895 Brian Forest', 'East Teresafurt', 'Tennessee', '43567', 'USA'),
('Richard Mckee', 'cynthiaskinner@example.com', '9236259150', '1976 Devin Groves', 'Bellville', 'Alaska', '64130', 'USA'),
('Mark Mcknight', 'christina23@example.com', '6220737915', '146 Delgado Ford Suite 937', 'Katherineport', 'Rhode Island', '94855', 'USA'),
('Brian Lewis', 'brianlewis@example.com', '8886543210', '987 Grant Parkway', 'Rivertown', 'Delaware', '62315', 'USA'),
('Olivia White', 'oliviawhite@example.com', '7776541230', '568 Greenfield Road', 'Sunshine City', 'Montana', '88561', 'USA'),
('Michael Carter', 'michaelcarter@example.com', '3447756301', '902 Oakwood Blvd', 'Harmony Heights', 'Iowa', '52561', 'USA'),
('Sophia Miller', 'sophiamiller@example.com', '5538838775', '7752 Sunset Ridge', 'Bluebell', 'Maine', '54062', 'USA'),
('Benjamin Wright', 'benjaminwright@example.com', '7774539203', '482 Forest Trail', 'Mapleton', 'Nebraska', '65627', 'USA'),
('Chloe Adams', 'chloeadams@example.com', '6678812931', '1534 Seabreeze Crescent', 'Beachside', 'North Dakota', '77732', 'USA'),
('John Doe', 'johndoe@example.com', '1234567890', '100 Main St', 'Springfield', 'Maine', '12345', 'USA'),
('Jane Smith', 'janesmith@example.com', '9876543210', '200 Oak St', 'Lincoln', 'New Hampshire', '23456', 'USA'),
('Sam Brown', 'sambrown@example.com', '6543219870', '300 Pine St', 'Reno', 'Nevada', '34567', 'USA'),
('Emily White', 'emilywhite@example.com', '1112223333', '400 Maple St', 'Santa Fe', 'New Mexico', '45678', 'USA'),
('Michael Clark', 'michaelclark@example.com', '4445556666', '500 Birch St', 'Bismarck', 'North Dakota', '56789', 'USA'),
('Sarah Harris', 'sarahharris@example.com', '7778889999', '600 Cedar St', 'Montpelier', 'Vermont', '67890', 'USA'),
('David Wilson', 'davidwilson@example.com', '1231231234', '700 Elm St', 'Juneau', 'Alaska', '78901', 'USA'),
('Rachel Scott', 'rachelscott@example.com', '2223334445', '800 Oak St', 'Honolulu', 'Hawaii', '89012', 'USA'),
('Daniel Lee', 'daniellee@example.com', '3334445556', '900 Pine St', 'Helena', 'Montana', '90123', 'USA'),
('Robert Anderson', 'robertanderson@example.com', '2056781234', '123 Maple Drive', 'Birmingham', 'Alabama', '35201', 'USA'),
('Emily Rodriguez', 'emilyrodriguez@example.com', '6025559876', '456 Cactus Lane', 'Phoenix', 'Arizona', '85001', 'USA'),
('Sophia Martinez', 'sophiamartinez@example.com', '4155552345', '789 Golden Gate Avenue', 'San Francisco', 'California', '94101', 'USA'),
('Daniel Thompson', 'danielthompson@example.com', '3035557890', '321 Mountain View Road', 'Denver', 'Colorado', '80201', 'USA'),
('Jessica Garcia', 'jessicagarcia@example.com', '9545554321', '654 Palm Beach Boulevard', 'Miami', 'Florida', '33101', 'USA'),
('Alexander Chen', 'alexanderchen@example.com', '4045556789', '987 Peachtree Street', 'Atlanta', 'Georgia', '30301', 'USA'),
('Olivia Taylor', 'oliviataylor@example.com', '3175553456', '246 Maple Grove Road', 'Indianapolis', 'Indiana', '46201', 'USA'),
('William Baker', 'williambaker@example.com', '4105558765', '135 Harbor View Terrace', 'Baltimore', 'Maryland', '21201', 'USA'),
('Emma Jackson', 'emmajackson@example.com', '6015552109', '567 Magnolia Street', 'Jackson', 'Mississippi', '39201', 'USA'),
('Christopher Kim', 'christopherkim@example.com', '6095554321', '890 Princeton Avenue', 'Newark', 'New Jersey', '07101', 'USA'),
('Isabella Lopez', 'isabelllopez@example.com', '2125556789', '432 Broadway', 'New York City', 'New York', '10001', 'USA'),
('Nathan Turner', 'nathanturner@example.com', '9195553456', '678 Tobacco Road', 'Charlotte', 'North Carolina', '28201', 'USA'),
('Sophia Chen', 'sophiachen@example.com', '5035557890', '234 Pine Street', 'Portland', 'Oregon', '97201', 'USA'),
('Ryan Cooper', 'ryancooper@example.com', '8035554321', '567 Palmetto Street', 'Charleston', 'South Carolina', '29401', 'USA'),
('Ethan Rodriguez', 'ethanrodriguez@example.com', '2145556789', '890 Dallas Boulevard', 'Dallas', 'Texas', '75201', 'USA'),
('Madison Lee', 'madisonlee@example.com', '8015552109', '123 Salt Lake Avenue', 'Salt Lake City', 'Utah', '84101', 'USA'),
('Dylan Wright', 'dylanwright@example.com', '7035554567', '456 Colonial Highway', 'Richmond', 'Virginia', '23201', 'USA'),
('Olivia Martinez', 'oliviamartinez@example.com', '2065557890', '789 Rainier Avenue', 'Seattle', 'Washington', '98101', 'USA'),
('Liam Johnson', 'liamjohnson@example.com', '6085553456', '345 State Street', 'Madison', 'Wisconsin', '53701', 'USA');

INSERT INTO inventory (product_name, product_line, quantity, unit_price) VALUES
 ('Smartphone', 'Electronics', 107, 50.47),
 ('Laptop', 'Electronics', 68, 49.66),
 ('Headphones', 'Electronics', 70, 19.48),
 ('Smartwatch', 'Electronics', 188, 70.04),
 ('Tablet', 'Electronics', 82, 96.85),
 ('Lawn Mower', 'Home & Garden', 126, 45.48),
 ('Blender', 'Home & Garden', 184, 95.17),
 ('Vacuum Cleaner', 'Home & Garden', 73, 9.76),
 ('Grill', 'Home & Garden', 162, 99.32),
 ('Lamp', 'Home & Garden', 35, 41.31),
 ('Action Figure', 'Toys', 31, 79.43),
 ('Board Game', 'Toys', 185, 67.53),
 ('Doll', 'Toys', 191, 41.61),
 ('Puzzle', 'Toys', 57, 10.42),
 ('Toy Car', 'Toys', 116, 72.95),
 ('T-shirt', 'Clothing', 198, 39.7),
 ('Jeans', 'Clothing', 148, 58.89),
 ('Jacket', 'Clothing', 74, 40.65),
 ('Sneakers', 'Clothing', 160, 86.08),
 ('Socks', 'Clothing', 145, 19.61);

INSERT INTO sales_order (customer_id, product_name, order_date, quantity, unit_price, status) VALUES
(43, 'Blender', '2022-09-21', 4, 95.17, 'Pending'),
(7, 'Laptop', '2024-12-26', 8, 49.66, 'Cancelled'),
(36, 'T-shirt', '2023-12-15', 2, 39.7, 'Pending'),
(35, 'Board Game', '2024-03-02', 3, 67.53, 'Cancelled'),
(44, 'Jeans', '2024-08-17', 8, 58.89, 'Pending'),
(41, 'Blender', '2023-11-12', 9, 95.17, 'Pending'),
(48, 'Laptop', '2023-04-04', 4, 49.66, 'Completed'),
(41, 'Action Figure', '2022-02-16', 3, 79.43, 'Pending'),
(16, 'Action Figure', '2024-09-26', 4, 79.43, 'Completed'),
(17, 'Doll', '2022-07-05', 4, 41.61, 'Completed'),
(27, 'Socks', '2022-12-18', 4, 19.61, 'Pending'),
(48, 'Headphones', '2023-10-28', 9, 19.48, 'Pending'),
(10, 'Grill', '2024-06-30', 9, 99.32, 'Completed'),
(49, 'Jeans', '2023-02-13', 2, 58.89, 'Cancelled'),
(2, 'Vacuum Cleaner', '2022-10-02', 10, 9.76, 'Completed'),
(31, 'T-shirt', '2024-03-22', 1, 39.7, 'Completed'),
(41, 'Sneakers', '2024-07-24', 5, 86.08, 'Cancelled'),
(37, 'Vacuum Cleaner', '2024-02-05', 2, 9.76, 'Cancelled'),
(12, 'Tablet', '2023-07-12', 8, 96.85, 'Completed'),
(42, 'Sneakers', '2024-07-07', 10, 86.08, 'Pending'),
(33, 'Laptop', '2024-12-02', 1, 49.66, 'Completed'),
(23, 'Socks', '2022-10-15', 5, 19.61, 'Cancelled'),
(49, 'Smartwatch', '2024-10-02', 7, 70.04, 'Completed'),
(36, 'Sneakers', '2022-02-08', 5, 86.08, 'Completed'),
(4, 'Sneakers', '2023-01-20', 4, 86.08, 'Pending'),
(38, 'Sneakers', '2022-03-24', 3, 86.08, 'Pending'),
(4, 'Action Figure', '2022-09-15', 10, 79.43, 'Completed'),
(25, 'Headphones', '2023-11-23', 3, 19.48, 'Completed'),
(41, 'Doll', '2024-09-18', 9, 41.61, 'Cancelled'),
(7, 'Toy Car', '2022-03-29', 9, 72.95, 'Completed'),
(31, 'Tablet', '2023-11-19', 10, 96.85, 'Pending'),
(44, 'Laptop', '2024-09-05', 8, 49.66, 'Completed'),
(30, 'T-shirt', '2024-03-23', 4, 39.7, 'Pending'),
(39, 'Toy Car', '2022-06-10', 4, 72.95, 'Pending'),
(47, 'Lawn Mower', '2022-05-18', 8, 45.48, 'Pending'),
(8, 'Vacuum Cleaner', '2022-02-24', 6, 9.76, 'Pending'),
(3, 'Lawn Mower', '2022-12-20', 1, 45.48, 'Cancelled'),
(26, 'Headphones', '2022-10-11', 9, 19.48, 'Completed'),
(31, 'Lawn Mower', '2022-07-29', 6, 45.48, 'Pending'),
(44, 'Puzzle', '2024-04-19', 5, 10.42, 'Pending'),
(8, 'Doll', '2022-11-26', 4, 41.61, 'Completed'),
(17, 'Lamp', '2022-11-03', 1, 41.31, 'Completed'),
(27, 'Action Figure', '2023-06-14', 8, 79.43, 'Cancelled'),
(24, 'Jacket', '2024-05-28', 10, 40.65, 'Cancelled'),
(42, 'Vacuum Cleaner', '2023-09-29', 9, 9.76, 'Cancelled'),
(6, 'Board Game', '2023-11-11', 9, 67.53, 'Completed'),
(3, 'Vacuum Cleaner', '2022-08-30', 6, 9.76, 'Completed'),
(47, 'Smartphone', '2023-08-22', 5, 50.47, 'Cancelled'),
(4, 'Lawn Mower', '2023-06-16', 4, 45.48, 'Cancelled'),
(20, 'Headphones', '2022-05-02', 7, 19.48, 'Completed'),
(19, 'Headphones', '2023-06-14', 1, 19.48, 'Cancelled'),
(18, 'Toy Car', '2022-11-06', 4, 72.95, 'Pending'),
(42, 'Puzzle', '2023-08-18', 7, 10.42, 'Pending'),
(5, 'Jeans', '2024-06-20', 1, 58.89, 'Cancelled'),
(30, 'Sneakers', '2023-06-24', 10, 86.08, 'Pending'),
(19, 'Smartphone', '2023-02-16', 2, 50.47, 'Pending'),
(9, 'Lawn Mower', '2022-06-24', 8, 45.48, 'Pending'),
(20, 'Blender', '2023-12-26', 2, 95.17, 'Completed'),
(34, 'Doll', '2024-06-27', 7, 41.61, 'Pending'),
(24, 'Doll', '2023-10-24', 4, 41.61, 'Cancelled'),
(31, 'Laptop', '2023-10-15', 9, 49.66, 'Pending'),
(29, 'Lamp', '2022-01-09', 5, 41.31, 'Completed'),
(36, 'Lawn Mower', '2022-03-14', 7, 45.48, 'Cancelled'),
(50, 'Doll', '2024-12-30', 4, 41.61, 'Pending'),
(1, 'Smartphone', '2024-01-29', 7, 50.47, 'Cancelled'),
(25, 'Grill', '2024-06-27', 4, 99.32, 'Completed'),
(16, 'Doll', '2023-11-09', 1, 41.61, 'Cancelled'),
(1, 'Lawn Mower', '2022-03-07', 10, 45.48, 'Pending'),
(31, 'Jeans', '2024-02-09', 5, 58.89, 'Cancelled'),
(34, 'Laptop', '2023-04-19', 5, 49.66, 'Cancelled'),
(35, 'Smartwatch', '2024-04-08', 2, 70.04, 'Completed'),
(30, 'Lamp', '2024-02-21', 1, 41.31, 'Completed'),
(4, 'Vacuum Cleaner', '2022-06-09', 6, 9.76, 'Pending'),
(16, 'Tablet', '2024-04-10', 1, 96.85, 'Completed'),
(32, 'Puzzle', '2023-10-20', 3, 10.42, 'Completed'),
(39, 'Toy Car', '2022-02-20', 4, 72.95, 'Cancelled'),
(24, 'Laptop', '2022-09-12', 2, 49.66, 'Completed'),
(30, 'Jacket', '2023-12-22', 1, 40.65, 'Cancelled'),
(16, 'Lawn Mower', '2024-12-08', 10, 45.48, 'Completed'),
(46, 'Tablet', '2024-12-02', 9, 96.85, 'Completed'),
(36, 'Laptop', '2022-12-23', 9, 49.66, 'Cancelled'),
(46, 'Lawn Mower', '2024-04-30', 1, 45.48, 'Completed'),
(2, 'Smartwatch', '2024-06-29', 9, 70.04, 'Pending'),
(3, 'Doll', '2022-03-27', 5, 41.61, 'Cancelled'),
(48, 'Socks', '2022-02-19', 9, 19.61, 'Pending'),
(36, 'Vacuum Cleaner', '2022-10-08', 8, 9.76, 'Pending'),
(16, 'Headphones', '2022-09-08', 5, 19.48, 'Pending'),
(49, 'T-shirt', '2024-05-23', 10, 39.7, 'Cancelled'),
(7, 'Lamp', '2024-07-07', 7, 41.31, 'Pending'),
(49, 'Grill', '2022-12-20', 8, 99.32, 'Completed'),
(44, 'Laptop', '2022-05-24', 2, 49.66, 'Cancelled'),
(30, 'Smartwatch', '2023-07-08', 8, 70.04, 'Cancelled'),
(45, 'Lawn Mower', '2023-12-03', 5, 45.48, 'Completed'),
(43, 'Action Figure', '2022-11-14', 10, 79.43, 'Completed'),
(49, 'Lawn Mower', '2022-09-05', 8, 45.48, 'Cancelled'),
(37, 'Doll', '2022-02-27', 5, 41.61, 'Completed'),
(2, 'Puzzle', '2024-08-07', 2, 10.42, 'Cancelled'),
(15, 'Headphones', '2022-08-08', 8, 19.48, 'Completed'),
(19, 'Vacuum Cleaner', '2023-01-17', 3, 9.76, 'Pending'),
(46, 'Vacuum Cleaner', '2023-06-20', 1, 9.76, 'Cancelled'),
(17, 'Lawn Mower', '2024-01-04', 3, 45.48, 'Pending'),
(47, 'Action Figure', '2023-07-21', 3, 79.43, 'Completed'),
(36, 'Sneakers', '2024-08-01', 10, 86.08, 'Completed'),
(16, 'Smartphone', '2023-09-18', 5, 50.47, 'Cancelled'),
(32, 'Socks', '2023-02-06', 3, 19.61, 'Pending'),
(28, 'Toy Car', '2022-08-27', 10, 72.95, 'Pending'),
(24, 'Doll', '2023-01-09', 2, 41.61, 'Cancelled'),
(41, 'Doll', '2024-01-05', 2, 41.61, 'Cancelled'),
(43, 'Headphones', '2023-05-13', 1, 19.48, 'Cancelled'),
(20, 'T-shirt', '2023-02-19', 9, 39.7, 'Completed'),
(25, 'Doll', '2022-10-11', 10, 41.61, 'Cancelled'),
(19, 'Jacket', '2022-01-01', 5, 40.65, 'Cancelled'),
(50, 'Action Figure', '2024-08-12', 6, 79.43, 'Pending'),
(44, 'Lamp', '2024-07-01', 1, 41.31, 'Pending'),
(32, 'Puzzle', '2023-05-24', 2, 10.42, 'Cancelled'),
(7, 'Sneakers', '2022-06-24', 2, 86.08, 'Pending'),
(12, 'Vacuum Cleaner', '2024-07-21', 6, 9.76, 'Pending'),
(17, 'Smartwatch', '2023-07-10', 5, 70.04, 'Completed'),
(5, 'Socks', '2023-08-28', 5, 19.61, 'Pending'),
(21, 'Vacuum Cleaner', '2022-06-06', 3, 9.76, 'Completed'),
(16, 'Sneakers', '2023-03-12', 2, 86.08, 'Completed'),
(28, 'Toy Car', '2022-05-14', 9, 72.95, 'Cancelled'),
(24, 'Laptop', '2023-07-21', 1, 49.66, 'Pending'),
(41, 'Lamp', '2022-04-06', 4, 41.31, 'Cancelled'),
(1, 'Tablet', '2023-05-06', 8, 96.85, 'Pending'),
(2, 'Lamp', '2023-06-07', 8, 41.31, 'Completed'),
(24, 'Socks', '2023-02-07', 7, 19.61, 'Cancelled'),
(42, 'Puzzle', '2024-07-14', 4, 10.42, 'Pending'),
(37, 'Jacket', '2023-03-12', 7, 40.65, 'Pending'),
(6, 'Jeans', '2023-09-02', 4, 58.89, 'Pending'),
(33, 'Puzzle', '2022-02-05', 2, 10.42, 'Pending'),
(2, 'Vacuum Cleaner', '2024-04-16', 3, 9.76, 'Pending'),
(17, 'Sneakers', '2022-06-16', 3, 86.08, 'Cancelled'),
(49, 'Smartwatch', '2024-02-07', 1, 70.04, 'Pending'),
(30, 'Puzzle', '2023-05-13', 4, 10.42, 'Completed'),
(31, 'Lawn Mower', '2024-04-18', 1, 45.48, 'Cancelled'),
(39, 'Vacuum Cleaner', '2023-09-27', 6, 9.76, 'Completed'),
(15, 'Sneakers', '2024-07-28', 4, 86.08, 'Completed'),
(9, 'Blender', '2022-03-07', 1, 95.17, 'Cancelled'),
(22, 'Jacket', '2024-06-05', 3, 40.65, 'Cancelled'),
(33, 'Headphones', '2023-06-17', 7, 19.48, 'Completed'),
(37, 'Laptop', '2024-09-08', 2, 49.66, 'Cancelled'),
(23, 'Headphones', '2023-06-18', 2, 19.48, 'Completed'),
(11, 'Lamp', '2022-07-23', 8, 41.31, 'Completed'),
(49, 'Action Figure', '2024-10-22', 5, 79.43, 'Completed'),
(47, 'Toy Car', '2024-12-24', 7, 72.95, 'Pending'),
(8, 'Puzzle', '2022-11-08', 7, 10.42, 'Pending'),
(18, 'Puzzle', '2023-07-17', 6, 10.42, 'Cancelled'),
(28, 'T-shirt', '2024-01-13', 2, 39.7, 'Completed'),
(16, 'Socks', '2022-09-01', 3, 19.61, 'Pending'),
(1, 'Puzzle', '2023-01-25', 4, 10.42, 'Pending'),
(32, 'Tablet', '2022-04-12', 10, 96.85, 'Pending'),
(11, 'Lawn Mower', '2022-11-06', 1, 45.48, 'Pending'),
(13, 'Tablet', '2023-04-01', 1, 96.85, 'Pending'),
(8, 'Jeans', '2024-02-02', 9, 58.89, 'Cancelled'),
(29, 'Smartwatch', '2024-10-23', 8, 70.04, 'Cancelled'),
(32, 'Vacuum Cleaner', '2023-02-08', 8, 9.76, 'Completed'),
(21, 'Socks', '2023-03-01', 10, 19.61, 'Completed'),
(27, 'Action Figure', '2023-11-16', 9, 79.43, 'Completed'),
(8, 'Sneakers', '2024-02-27', 3, 86.08, 'Pending'),
(2, 'Socks', '2022-09-24', 4, 19.61, 'Cancelled'),
(19, 'Jacket', '2022-01-13', 1, 40.65, 'Cancelled'),
(12, 'Laptop', '2023-03-01', 3, 49.66, 'Pending'),
(8, 'Lamp', '2023-04-11', 9, 41.31, 'Completed'),
(10, 'T-shirt', '2024-01-29', 4, 39.7, 'Completed'),
(25, 'Headphones', '2024-07-11', 1, 19.48, 'Pending'),
(31, 'Headphones', '2022-09-22', 4, 19.48, 'Pending'),
(32, 'Smartphone', '2024-07-26', 1, 50.47, 'Cancelled'),
(50, 'Toy Car', '2023-06-26', 9, 72.95, 'Pending'),
(46, 'Sneakers', '2024-02-16', 2, 86.08, 'Completed'),
(39, 'Board Game', '2022-09-28', 6, 67.53, 'Pending'),
(1, 'Vacuum Cleaner', '2024-06-21', 9, 9.76, 'Pending'),
(19, 'Jeans', '2022-04-23', 6, 58.89, 'Pending'),
(10, 'Grill', '2022-02-25', 9, 99.32, 'Cancelled'),
(6, 'Headphones', '2024-07-24', 1, 19.48, 'Completed'),
(19, 'Board Game', '2023-10-02', 9, 67.53, 'Pending'),
(27, 'Blender', '2022-01-19', 6, 95.17, 'Cancelled'),
(20, 'Jeans', '2023-09-10', 8, 58.89, 'Pending'),
(25, 'Jeans', '2023-11-01', 9, 58.89, 'Completed'),
(24, 'Lawn Mower', '2024-03-23', 5, 45.48, 'Completed'),
(35, 'Action Figure', '2024-11-14', 3, 79.43, 'Cancelled'),
(42, 'Board Game', '2023-11-12', 8, 67.53, 'Cancelled'),
(14, 'Grill', '2024-10-30', 4, 99.32, 'Cancelled'),
(4, 'Lamp', '2024-03-17', 1, 41.31, 'Completed'),
(47, 'Vacuum Cleaner', '2024-10-09', 4, 9.76, 'Completed'),
(2, 'T-shirt', '2023-10-08', 2, 39.7, 'Completed'),
(19, 'Board Game', '2024-09-30', 7, 67.53, 'Completed'),
(38, 'Jeans', '2023-04-22', 8, 58.89, 'Cancelled'),
(21, 'Socks', '2022-01-23', 7, 19.61, 'Completed'),
(40, 'Grill', '2022-04-23', 10, 99.32, 'Completed'),
(19, 'Socks', '2023-10-08', 2, 19.61, 'Completed'),
(24, 'Action Figure', '2024-08-01', 2, 79.43, 'Cancelled'),
(3, 'Blender', '2024-11-28', 10, 95.17, 'Cancelled'),
(10, 'Action Figure', '2024-11-29', 8, 79.43, 'Completed'),
(42, 'Doll', '2024-10-11', 10, 41.61, 'Cancelled'),
(1, 'Puzzle', '2024-11-30', 1, 10.42, 'Cancelled'),
(28, 'Toy Car', '2024-04-03', 7, 72.95, 'Cancelled'),
(8, 'Socks', '2024-04-08', 10, 19.61, 'Pending'),
(6, 'Tablet', '2024-07-07', 3, 96.85, 'Completed'),
(39, 'Vacuum Cleaner', '2022-07-14', 4, 9.76, 'Cancelled'),
(47, 'Vacuum Cleaner', '2022-10-10', 1, 9.76, 'Cancelled'),
(47, 'Sneakers', '2024-08-30', 2, 86.08, 'Cancelled'),
(30, 'Lamp', '2024-12-08', 2, 41.31, 'Pending'),
(44, 'Jeans', '2024-11-22', 1, 58.89, 'Pending'),
(49, 'Lamp', '2023-12-17', 5, 41.31, 'Cancelled'),
(17, 'Lawn Mower', '2022-04-25', 3, 45.48, 'Cancelled'),
(44, 'Sneakers', '2024-11-27', 4, 86.08, 'Completed'),
(15, 'Socks', '2024-05-18', 6, 19.61, 'Completed'),
(44, 'Smartwatch', '2023-04-29', 8, 70.04, 'Cancelled'),
(37, 'Grill', '2022-12-27', 3, 99.32, 'Pending'),
(33, 'Blender', '2023-06-29', 8, 95.17, 'Cancelled'),
(37, 'Grill', '2022-08-06', 8, 99.32, 'Pending'),
(2, 'Smartphone', '2024-01-26', 3, 50.47, 'Completed'),
(6, 'Lamp', '2024-10-23', 10, 41.31, 'Completed'),
(19, 'Socks', '2024-06-09', 2, 19.61, 'Pending'),
(9, 'Doll', '2023-12-30', 2, 41.61, 'Pending'),
(43, 'Smartwatch', '2024-05-30', 5, 70.04, 'Cancelled'),
(21, 'Smartwatch', '2022-06-14', 5, 70.04, 'Pending'),
(16, 'Board Game', '2024-01-31', 6, 67.53, 'Cancelled'),
(16, 'Doll', '2023-12-24', 10, 41.61, 'Cancelled'),
(36, 'Grill', '2022-04-04', 2, 99.32, 'Completed'),
(19, 'Tablet', '2023-09-11', 1, 96.85, 'Cancelled'),
(50, 'Blender', '2023-02-03', 6, 95.17, 'Pending'),
(20, 'Toy Car', '2023-11-21', 3, 72.95, 'Pending'),
(27, 'T-shirt', '2022-01-31', 5, 39.7, 'Pending'),
(16, 'Headphones', '2024-10-11', 4, 19.48, 'Pending'),
(35, 'Toy Car', '2023-08-31', 8, 72.95, 'Completed'),
(25, 'Blender', '2023-07-16', 6, 95.17, 'Cancelled'),
(7, 'Tablet', '2024-07-21', 4, 96.85, 'Cancelled'),
(19, 'Blender', '2024-12-17', 2, 95.17, 'Completed'),
(50, 'Grill', '2023-09-04', 7, 99.32, 'Completed'),
(28, 'Sneakers', '2023-04-27', 8, 86.08, 'Completed'),
(49, 'Grill', '2024-02-20', 7, 99.32, 'Completed'),
(15, 'Puzzle', '2024-04-09', 4, 10.42, 'Pending'),
(6, 'Doll', '2024-11-03', 6, 41.61, 'Pending'),
(10, 'Jeans', '2022-05-04', 7, 58.89, 'Pending'),
(17, 'Doll', '2022-07-15', 5, 41.61, 'Completed'),
(10, 'Socks', '2023-07-23', 4, 19.61, 'Pending'),
(34, 'Action Figure', '2024-01-31', 5, 79.43, 'Pending'),
(41, 'Smartphone', '2022-01-14', 6, 50.47, 'Completed'),
(35, 'Tablet', '2022-07-11', 1, 96.85, 'Pending'),
(31, 'T-shirt', '2022-08-15', 8, 39.7, 'Pending'),
(5, 'Socks', '2023-07-28', 6, 19.61, 'Completed'),
(49, 'Socks', '2022-12-10', 1, 19.61, 'Pending'),
(34, 'Socks', '2022-11-29', 9, 19.61, 'Pending'),
(18, 'Toy Car', '2022-03-29', 9, 72.95, 'Cancelled'),
(32, 'Doll', '2024-02-22', 7, 41.61, 'Cancelled'),
(34, 'Toy Car', '2022-05-20', 3, 72.95, 'Completed'),
(14, 'Sneakers', '2022-02-03', 8, 86.08, 'Cancelled'),
(10, 'Smartwatch', '2022-05-05', 8, 70.04, 'Completed'),
(8, 'Doll', '2024-10-22', 6, 41.61, 'Cancelled'),
(6, 'Doll', '2022-02-11', 3, 41.61, 'Pending'),
(1, 'Vacuum Cleaner', '2024-07-06', 7, 9.76, 'Pending'),
(16, 'Toy Car', '2024-11-28', 9, 72.95, 'Cancelled'),
(50, 'Blender', '2022-12-28', 1, 95.17, 'Completed'),
(24, 'Vacuum Cleaner', '2024-01-04', 4, 9.76, 'Cancelled'),
(26, 'Board Game', '2022-09-05', 4, 67.53, 'Pending'),
(49, 'Tablet', '2023-06-30', 10, 96.85, 'Completed'),
(31, 'Lawn Mower', '2022-09-21', 4, 45.48, 'Pending'),
(6, 'Vacuum Cleaner', '2022-04-27', 7, 9.76, 'Completed'),
(36, 'Sneakers', '2022-06-26', 7, 86.08, 'Completed'),
(31, 'Headphones', '2022-07-09', 5, 19.48, 'Cancelled'),
(45, 'Grill', '2022-04-20', 5, 99.32, 'Completed'),
(31, 'Board Game', '2024-07-15', 7, 67.53, 'Cancelled'),
(4, 'Lamp', '2024-11-06', 7, 41.31, 'Pending'),
(9, 'Toy Car', '2023-06-23', 2, 72.95, 'Pending'),
(9, 'Action Figure', '2023-03-11', 1, 79.43, 'Cancelled'),
(17, 'Action Figure', '2023-05-04', 6, 79.43, 'Completed'),
(48, 'Socks', '2022-03-20', 7, 19.61, 'Cancelled'),
(46, 'Laptop', '2022-10-31', 4, 49.66, 'Completed'),
(45, 'Action Figure', '2023-02-23', 3, 79.43, 'Cancelled'),
(43, 'Puzzle', '2024-06-19', 5, 10.42, 'Cancelled'),
(17, 'Board Game', '2024-04-16', 2, 67.53, 'Pending'),
(38, 'T-shirt', '2024-06-15', 8, 39.7, 'Completed'),
(33, 'Blender', '2023-04-10', 5, 95.17, 'Cancelled'),
(34, 'Action Figure', '2023-12-26', 8, 79.43, 'Completed'),
(14, 'Toy Car', '2024-12-04', 7, 72.95, 'Completed'),
(47, 'Socks', '2024-08-22', 3, 19.61, 'Completed'),
(23, 'Sneakers', '2023-07-14', 6, 86.08, 'Pending'),
(26, 'Lamp', '2022-03-29', 10, 41.31, 'Pending'),
(39, 'Sneakers', '2022-06-15', 4, 86.08, 'Cancelled'),
(50, 'Lamp', '2022-08-18', 3, 41.31, 'Pending'),
(29, 'Socks', '2022-07-22', 8, 19.61, 'Cancelled'),
(29, 'Smartwatch', '2024-06-12', 6, 70.04, 'Completed'),
(31, 'Lamp', '2022-06-15', 7, 41.31, 'Completed'),
(31, 'Sneakers', '2022-06-29', 3, 86.08, 'Pending'),
(18, 'Lamp', '2023-03-01', 2, 41.31, 'Cancelled'),
(21, 'Headphones', '2024-02-18', 2, 19.48, 'Pending'),
(37, 'Grill', '2023-08-01', 9, 99.32, 'Cancelled'),
(47, 'Smartwatch', '2024-07-21', 3, 70.04, 'Completed'),
(37, 'Smartphone', '2022-05-17', 9, 50.47, 'Completed'),
(22, 'Lawn Mower', '2022-07-08', 4, 45.48, 'Cancelled'),
(36, 'Jeans', '2024-07-11', 4, 58.89, 'Completed'),
(22, 'Socks', '2024-01-21', 3, 19.61, 'Cancelled'),
(24, 'Jacket', '2023-08-18', 7, 40.65, 'Completed'),
(11, 'Smartwatch', '2023-05-07', 8, 70.04, 'Completed'),
(18, 'Board Game', '2024-02-11', 4, 67.53, 'Cancelled'),
(16, 'Blender', '2022-03-16', 10, 95.17, 'Cancelled'),
(25, 'T-shirt', '2023-07-20', 9, 39.7, 'Completed'),
(27, 'Laptop', '2023-03-26', 1, 49.66, 'Completed'),
(23, 'Laptop', '2023-07-13', 8, 49.66, 'Pending'),
(10, 'Grill', '2022-04-20', 9, 99.32, 'Completed'),
(24, 'Puzzle', '2023-03-07', 4, 10.42, 'Pending'),
(40, 'Smartphone', '2024-01-22', 3, 50.47, 'Completed'),
(4, 'Jacket', '2024-10-21', 9, 40.65, 'Pending'),
(44, 'T-shirt', '2024-01-03', 8, 39.7, 'Completed'),
(35, 'T-shirt', '2023-10-26', 9, 39.7, 'Cancelled'),
(44, 'Smartphone', '2022-09-09', 1, 50.47, 'Pending'),
(50, 'Puzzle', '2024-07-09', 6, 10.42, 'Completed'),
(22, 'Lamp', '2022-02-10', 8, 41.31, 'Pending'),
(42, 'Tablet', '2024-07-21', 2, 96.85, 'Completed'),
(27, 'Tablet', '2024-05-21', 2, 96.85, 'Completed'),
(40, 'Grill', '2022-01-31', 4, 99.32, 'Completed'),
(42, 'Socks', '2023-09-05', 2, 19.61, 'Cancelled'),
(39, 'Smartwatch', '2022-08-21', 2, 70.04, 'Pending'),
(10, 'Smartwatch', '2023-07-18', 1, 70.04, 'Cancelled'),
(30, 'Blender', '2023-03-14', 5, 95.17, 'Cancelled'),
(26, 'Puzzle', '2023-03-08', 10, 10.42, 'Cancelled'),
(5, 'Socks', '2023-03-06', 10, 19.61, 'Cancelled'),
(8, 'Vacuum Cleaner', '2022-03-29', 5, 9.76, 'Pending'),
(11, 'Board Game', '2024-06-20', 10, 67.53, 'Cancelled'),
(4, 'Puzzle', '2024-11-07', 9, 10.42, 'Completed'),
(46, 'Board Game', '2023-12-18', 8, 67.53, 'Pending'),
(4, 'Vacuum Cleaner', '2023-06-26', 10, 9.76, 'Pending'),
(50, 'T-shirt', '2022-02-23', 10, 39.7, 'Completed'),
(38, 'Tablet', '2024-12-17', 8, 96.85, 'Pending'),
(6, 'Jeans', '2023-02-01', 1, 58.89, 'Cancelled'),
(37, 'Smartphone', '2023-01-31', 9, 50.47, 'Cancelled'),
(29, 'Board Game', '2024-07-16', 4, 67.53, 'Pending'),
(42, 'Board Game', '2024-12-09', 2, 67.53, 'Cancelled'),
(49, 'Puzzle', '2022-08-24', 8, 10.42, 'Cancelled'),
(34, 'Tablet', '2023-01-15', 5, 96.85, 'Completed'),
(36, 'Laptop', '2023-03-27', 3, 49.66, 'Cancelled'),
(27, 'Blender', '2022-03-11', 5, 95.17, 'Pending'),
(38, 'Blender', '2022-07-02', 8, 95.17, 'Pending'),
(9, 'Jeans', '2023-10-20', 2, 58.89, 'Pending'),
(28, 'Doll', '2024-07-01', 6, 41.61, 'Pending'),
(26, 'Laptop', '2023-02-24', 5, 49.66, 'Cancelled'),
(9, 'Laptop', '2023-02-13', 3, 49.66, 'Cancelled'),
(3, 'Grill', '2024-10-30', 7, 99.32, 'Completed'),
(24, 'Jeans', '2022-08-18', 6, 58.89, 'Pending'),
(21, 'Sneakers', '2023-05-07', 4, 86.08, 'Pending'),
(3, 'T-shirt', '2023-05-05', 5, 39.7, 'Pending'),
(7, 'Board Game', '2024-10-14', 4, 67.53, 'Cancelled'),
(36, 'Action Figure', '2023-08-01', 10, 79.43, 'Pending'),
(33, 'Laptop', '2024-06-16', 1, 49.66, 'Completed'),
(8, 'Board Game', '2022-01-06', 6, 67.53, 'Cancelled'),
(37, 'Puzzle', '2022-04-22', 7, 10.42, 'Pending'),
(50, 'Smartwatch', '2022-01-18', 10, 70.04, 'Cancelled'),
(3, 'Grill', '2022-04-13', 6, 99.32, 'Pending'),
(47, 'T-shirt', '2022-05-30', 3, 39.7, 'Cancelled'),
(2, 'Tablet', '2024-03-08', 1, 96.85, 'Pending'),
(10, 'Action Figure', '2022-07-11', 9, 79.43, 'Cancelled'),
(8, 'Smartwatch', '2023-03-28', 5, 70.04, 'Pending'),
(8, 'Doll', '2024-09-30', 7, 41.61, 'Cancelled'),
(28, 'Vacuum Cleaner', '2024-09-21', 1, 9.76, 'Cancelled'),
(40, 'T-shirt', '2024-08-09', 4, 39.7, 'Cancelled'),
(50, 'Smartphone', '2023-01-23', 8, 50.47, 'Cancelled'),
(2, 'Socks', '2023-06-12', 5, 19.61, 'Completed'),
(47, 'Toy Car', '2024-10-24', 8, 72.95, 'Completed'),
(32, 'Headphones', '2022-12-20', 3, 19.48, 'Pending'),
(50, 'Tablet', '2023-03-07', 1, 96.85, 'Completed'),
(29, 'Headphones', '2024-03-24', 9, 19.48, 'Completed'),
(17, 'Lamp', '2023-03-13', 1, 41.31, 'Pending'),
(49, 'Jacket', '2022-10-24', 9, 40.65, 'Cancelled'),
(23, 'Grill', '2023-11-04', 2, 99.32, 'Pending'),
(33, 'Grill', '2024-12-19', 1, 99.32, 'Pending'),
(45, 'Sneakers', '2024-03-19', 10, 86.08, 'Pending'),
(18, 'T-shirt', '2023-11-03', 10, 39.7, 'Completed'),
(5, 'Action Figure', '2023-10-02', 4, 79.43, 'Cancelled'),
(48, 'Vacuum Cleaner', '2023-03-28', 8, 9.76, 'Completed'),
(39, 'T-shirt', '2024-04-06', 3, 39.7, 'Completed'),
(11, 'Smartwatch', '2023-01-15', 2, 70.04, 'Completed'),
(18, 'Vacuum Cleaner', '2023-07-23', 5, 9.76, 'Completed'),
(23, 'Jeans', '2023-12-12', 9, 58.89, 'Cancelled'),
(13, 'Tablet', '2024-07-31', 2, 96.85, 'Pending'),
(17, 'Jacket', '2022-05-17', 7, 40.65, 'Pending'),
(46, 'Blender', '2024-01-16', 9, 95.17, 'Pending'),
(29, 'Blender', '2023-03-18', 5, 95.17, 'Completed'),
(25, 'Doll', '2022-12-15', 2, 41.61, 'Completed'),
(6, 'Headphones', '2023-10-07', 1, 19.48, 'Completed'),
(43, 'Headphones', '2024-08-28', 9, 19.48, 'Pending'),
(8, 'Toy Car', '2024-03-12', 8, 72.95, 'Cancelled'),
(22, 'Jeans', '2023-10-19', 7, 58.89, 'Pending'),
(8, 'Toy Car', '2023-09-25', 2, 72.95, 'Completed'),
(32, 'Action Figure', '2023-09-26', 1, 79.43, 'Pending'),
(20, 'Socks', '2022-04-09', 3, 19.61, 'Pending'),
(14, 'Action Figure', '2024-03-07', 5, 79.43, 'Completed'),
(44, 'Lawn Mower', '2022-09-27', 6, 45.48, 'Pending'),
(37, 'Socks', '2022-05-01', 6, 19.61, 'Cancelled'),
(26, 'Laptop', '2023-09-19', 9, 49.66, 'Cancelled'),
(8, 'Jacket', '2024-02-10', 10, 40.65, 'Cancelled'),
(49, 'Puzzle', '2024-07-07', 2, 10.42, 'Completed'),
(46, 'Action Figure', '2022-11-30', 3, 79.43, 'Cancelled'),
(47, 'Sneakers', '2022-12-19', 6, 86.08, 'Completed'),
(18, 'Sneakers', '2023-09-03', 10, 86.08, 'Completed'),
(20, 'Puzzle', '2023-03-26', 2, 10.42, 'Cancelled'),
(32, 'Laptop', '2022-07-04', 5, 49.66, 'Pending'),
(8, 'Jacket', '2023-05-28', 8, 40.65, 'Pending'),
(37, 'Board Game', '2023-03-05', 3, 67.53, 'Completed'),
(1, 'Lawn Mower', '2023-12-28', 8, 45.48, 'Pending'),
(18, 'Doll', '2022-11-24', 1, 41.61, 'Pending'),
(34, 'Sneakers', '2022-10-08', 10, 86.08, 'Pending'),
(8, 'Tablet', '2023-09-07', 3, 96.85, 'Completed'),
(6, 'Lamp', '2023-07-14', 6, 41.31, 'Cancelled'),
(17, 'Sneakers', '2023-04-04', 4, 86.08, 'Pending'),
(4, 'Puzzle', '2022-01-10', 9, 10.42, 'Pending'),
(40, 'Action Figure', '2022-01-18', 1, 79.43, 'Cancelled'),
(17, 'Sneakers', '2023-09-23', 3, 86.08, 'Pending'),
(3, 'Laptop', '2022-05-07', 10, 49.66, 'Cancelled'),
(45, 'Doll', '2024-01-18', 4, 41.61, 'Completed'),
(20, 'Sneakers', '2023-08-23', 10, 86.08, 'Completed'),
(32, 'Laptop', '2024-09-02', 3, 49.66, 'Pending'),
(29, 'Tablet', '2023-05-11', 9, 96.85, 'Completed'),
(11, 'Smartwatch', '2022-11-30', 1, 70.04, 'Completed'),
(50, 'Jeans', '2022-12-04', 7, 58.89, 'Completed'),
(49, 'Laptop', '2022-10-18', 4, 49.66, 'Completed'),
(8, 'T-shirt', '2023-12-01', 3, 39.7, 'Pending'),
(22, 'Tablet', '2024-12-06', 3, 96.85, 'Cancelled'),
(37, 'Jeans', '2023-04-15', 9, 58.89, 'Pending'),
(20, 'Smartphone', '2022-11-23', 9, 50.47, 'Completed'),
(14, 'Vacuum Cleaner', '2023-06-04', 3, 9.76, 'Cancelled'),
(35, 'Vacuum Cleaner', '2022-12-29', 5, 9.76, 'Cancelled'),
(46, 'Puzzle', '2024-09-03', 1, 10.42, 'Pending'),
(49, 'T-shirt', '2022-03-14', 10, 39.7, 'Cancelled'),
(22, 'Socks', '2023-04-08', 10, 19.61, 'Cancelled'),
(12, 'Socks', '2024-09-25', 4, 19.61, 'Cancelled'),
(41, 'Jacket', '2023-05-26', 8, 40.65, 'Completed'),
(31, 'Puzzle', '2023-10-01', 3, 10.42, 'Cancelled'),
(10, 'Action Figure', '2024-08-22', 5, 79.43, 'Completed'),
(14, 'Sneakers', '2024-01-18', 4, 86.08, 'Pending'),
(21, 'Headphones', '2022-03-19', 9, 19.48, 'Completed'),
(31, 'Smartphone', '2023-08-18', 7, 50.47, 'Pending'),
(6, 'Smartwatch', '2024-01-25', 1, 70.04, 'Completed'),
(5, 'Sneakers', '2022-12-10', 1, 86.08, 'Completed'),
(41, 'Blender', '2023-09-04', 4, 95.17, 'Completed'),
(34, 'Jacket', '2022-01-19', 9, 40.65, 'Cancelled'),
(37, 'Toy Car', '2024-11-27', 10, 72.95, 'Pending'),
(39, 'Tablet', '2024-06-03', 5, 96.85, 'Completed'),
(38, 'Sneakers', '2024-09-09', 6, 86.08, 'Completed'),
(29, 'Lamp', '2022-09-12', 8, 41.31, 'Cancelled'),
(41, 'Doll', '2024-05-02', 1, 41.61, 'Cancelled'),
(37, 'Smartphone', '2022-08-28', 4, 50.47, 'Cancelled'),
(1, 'Doll', '2022-05-08', 6, 41.61, 'Pending'),
(13, 'Action Figure', '2024-03-03', 4, 79.43, 'Completed'),
(46, 'Board Game', '2024-05-27', 1, 67.53, 'Cancelled'),
(21, 'Toy Car', '2022-09-23', 3, 72.95, 'Cancelled'),
(39, 'Socks', '2023-01-05', 4, 19.61, 'Completed'),
(40, 'Tablet', '2023-11-27', 5, 96.85, 'Pending'),
(2, 'Action Figure', '2022-12-01', 3, 79.43, 'Cancelled'),
(32, 'Lamp', '2023-12-27', 2, 41.31, 'Completed'),
(45, 'Toy Car', '2023-02-27', 8, 72.95, 'Pending'),
(45, 'Laptop', '2024-04-08', 10, 49.66, 'Cancelled'),
(27, 'Toy Car', '2024-09-12', 8, 72.95, 'Cancelled'),
(20, 'Jeans', '2023-08-05', 10, 58.89, 'Cancelled'),
(42, 'Toy Car', '2023-04-20', 8, 72.95, 'Pending'),
(41, 'Smartphone', '2022-04-01', 3, 50.47, 'Completed'),
(21, 'Blender', '2023-10-20', 10, 95.17, 'Cancelled'),
(47, 'Lawn Mower', '2024-03-12', 8, 45.48, 'Completed'),
(23, 'Sneakers', '2023-04-15', 1, 86.08, 'Pending'),
(26, 'Lamp', '2023-03-15', 10, 41.31, 'Cancelled'),
(28, 'Blender', '2022-09-28', 5, 95.17, 'Cancelled'),
(37, 'Vacuum Cleaner', '2024-09-09', 3, 9.76, 'Cancelled'),
(9, 'Tablet', '2024-10-19', 5, 96.85, 'Completed'),
(14, 'Doll', '2022-03-28', 1, 41.61, 'Pending'),
(9, 'Smartwatch', '2022-12-30', 6, 70.04, 'Cancelled'),
(10, 'Socks', '2024-02-19', 5, 19.61, 'Pending'),
(45, 'Smartphone', '2024-01-10', 5, 50.47, 'Cancelled'),
(27, 'Board Game', '2024-07-30', 8, 67.53, 'Pending'),
(33, 'Toy Car', '2024-03-18', 10, 72.95, 'Cancelled'),
(29, 'Board Game', '2022-06-26', 2, 67.53, 'Completed'),
(21, 'Tablet', '2024-04-04', 1, 96.85, 'Cancelled'),
(43, 'Smartwatch', '2024-01-24', 10, 70.04, 'Completed'),
(43, 'Puzzle', '2024-06-29', 10, 10.42, 'Pending'),
(6, 'Toy Car', '2024-10-31', 10, 72.95, 'Pending'),
(31, 'Smartwatch', '2024-12-26', 9, 70.04, 'Cancelled'),
(18, 'Socks', '2023-02-22', 7, 19.61, 'Pending'),
(33, 'Smartphone', '2023-01-12', 10, 50.47, 'Cancelled'),
(14, 'Laptop', '2022-04-18', 2, 49.66, 'Cancelled'),
(32, 'Sneakers', '2024-08-10', 10, 86.08, 'Pending'),
(12, 'Lamp', '2022-06-10', 3, 41.31, 'Cancelled'),
(9, 'Laptop', '2024-02-20', 10, 49.66, 'Cancelled'),
(48, 'Puzzle', '2023-12-29', 9, 10.42, 'Pending'),
(25, 'Smartphone', '2022-02-09', 5, 50.47, 'Completed'),
(22, 'T-shirt', '2022-10-09', 6, 39.7, 'Cancelled'),
(47, 'Board Game', '2023-03-15', 1, 67.53, 'Cancelled'),
(47, 'Laptop', '2023-10-04', 6, 49.66, 'Pending'),
(47, 'Grill', '2023-12-21', 3, 99.32, 'Completed'),
(40, 'Jeans', '2024-04-08', 7, 58.89, 'Completed'),
(2, 'T-shirt', '2022-09-18', 6, 39.7, 'Pending'),
(13, 'Tablet', '2024-06-28', 9, 96.85, 'Completed'),
(3, 'Jacket', '2023-01-17', 3, 40.65, 'Cancelled'),
(32, 'Action Figure', '2022-04-17', 10, 79.43, 'Completed'),
(17, 'Lawn Mower', '2024-02-23', 10, 45.48, 'Pending'),
(12, 'T-shirt', '2024-01-06', 10, 39.7, 'Completed'),
(21, 'Puzzle', '2023-05-17', 1, 10.42, 'Cancelled'),
(33, 'Laptop', '2023-12-10', 8, 49.66, 'Cancelled'),
(18, 'T-shirt', '2022-10-30', 6, 39.7, 'Pending'),
(49, 'Tablet', '2022-01-12', 5, 96.85, 'Cancelled'),
(29, 'Jacket', '2022-11-17', 8, 40.65, 'Completed'),
(17, 'Smartwatch', '2024-10-28', 6, 70.04, 'Pending'),
(9, 'Board Game', '2022-12-24', 3, 67.53, 'Cancelled'),
(8, 'Sneakers', '2024-07-08', 8, 86.08, 'Completed'),
(17, 'Socks', '2024-12-05', 2, 19.61, 'Completed'),
(32, 'Jacket', '2022-01-21', 7, 40.65, 'Completed'),
(29, 'Smartwatch', '2023-11-10', 8, 70.04, 'Cancelled'),
(21, 'Grill', '2023-09-18', 5, 99.32, 'Completed'),
(34, 'Board Game', '2024-11-17', 5, 67.53, 'Cancelled'),
(13, 'Blender', '2022-06-10', 9, 95.17, 'Cancelled'),
(41, 'Vacuum Cleaner', '2022-04-27', 4, 9.76, 'Cancelled'),
(27, 'Vacuum Cleaner', '2022-01-05', 1, 9.76, 'Pending'),
(14, 'Headphones', '2023-05-29', 8, 19.48, 'Pending'),
(16, 'Socks', '2024-11-25', 1, 19.61, 'Completed'),
(16, 'Lawn Mower', '2022-09-02', 3, 45.48, 'Pending'),
(37, 'Jeans', '2024-06-09', 6, 58.89, 'Completed'),
(33, 'Action Figure', '2024-02-04', 9, 79.43, 'Cancelled'),
(34, 'Sneakers', '2023-04-17', 6, 86.08, 'Completed'),
(46, 'Vacuum Cleaner', '2023-08-21', 9, 9.76, 'Cancelled'),
(43, 'T-shirt', '2023-08-11', 4, 39.7, 'Completed'),
(40, 'Socks', '2023-07-19', 2, 19.61, 'Pending'),
(13, 'Tablet', '2022-10-20', 9, 96.85, 'Completed'),
(22, 'Jacket', '2023-08-04', 6, 40.65, 'Pending'),
(5, 'Jeans', '2023-01-09', 3, 58.89, 'Cancelled'),
(7, 'Grill', '2022-09-30', 5, 99.32, 'Pending'),
(3, 'Lamp', '2022-04-08', 6, 41.31, 'Completed'),
(7, 'Doll', '2022-12-26', 10, 41.61, 'Completed'),
(7, 'Board Game', '2024-05-25', 3, 67.53, 'Cancelled'),
(42, 'Socks', '2022-06-01', 5, 19.61, 'Completed'),
(39, 'Doll', '2023-01-19', 6, 41.61, 'Pending'),
(42, 'Doll', '2023-06-21', 4, 41.61, 'Cancelled'),
(12, 'Smartphone', '2023-07-11', 5, 50.47, 'Cancelled'),
(20, 'Jeans', '2024-02-12', 6, 58.89, 'Cancelled'),
(16, 'T-shirt', '2023-11-05', 3, 39.7, 'Completed'),
(12, 'Smartwatch', '2024-09-01', 4, 70.04, 'Cancelled'),
(27, 'Jeans', '2024-12-22', 6, 58.89, 'Pending'),
(12, 'Socks', '2024-03-04', 3, 19.61, 'Completed'),
(42, 'T-shirt', '2024-06-05', 2, 39.7, 'Completed'),
(43, 'Jeans', '2024-06-02', 8, 58.89, 'Pending'),
(37, 'Lamp', '2022-10-15', 7, 41.31, 'Pending'),
(31, 'Action Figure', '2022-04-22', 10, 79.43, 'Pending'),
(10, 'Board Game', '2023-09-29', 6, 67.53, 'Pending'),
(29, 'Grill', '2022-07-04', 3, 99.32, 'Pending'),
(43, 'Vacuum Cleaner', '2024-06-17', 1, 9.76, 'Completed'),
(50, 'Vacuum Cleaner', '2024-08-09', 3, 9.76, 'Pending'),
(50, 'Lawn Mower', '2024-08-03', 7, 45.48, 'Completed'),
(19, 'Sneakers', '2022-02-04', 5, 86.08, 'Completed'),
(47, 'Smartwatch', '2022-12-17', 9, 70.04, 'Cancelled'),
(1, 'Lawn Mower', '2022-10-06', 8, 45.48, 'Cancelled'),
(6, 'Smartwatch', '2024-02-05', 10, 70.04, 'Cancelled'),
(3, 'Vacuum Cleaner', '2024-11-26', 4, 9.76, 'Cancelled'),
(16, 'Socks', '2024-02-18', 7, 19.61, 'Completed'),
(31, 'Puzzle', '2022-02-15', 10, 10.42, 'Pending'),
(43, 'Toy Car', '2023-10-07', 6, 72.95, 'Pending'),
(5, 'Headphones', '2022-11-07', 9, 19.48, 'Pending'),
(24, 'Vacuum Cleaner', '2022-09-05', 1, 9.76, 'Cancelled'),
(32, 'Jeans', '2023-05-28', 8, 58.89, 'Cancelled'),
(44, 'Vacuum Cleaner', '2023-01-21', 3, 9.76, 'Cancelled'),
(23, 'Smartphone', '2024-08-20', 9, 50.47, 'Cancelled'),
(23, 'Action Figure', '2022-05-08', 4, 79.43, 'Completed'),
(40, 'T-shirt', '2022-06-29', 2, 39.7, 'Cancelled'),
(12, 'Action Figure', '2022-09-03', 10, 79.43, 'Pending'),
(26, 'Board Game', '2023-09-09', 10, 67.53, 'Pending'),
(15, 'Jacket', '2024-08-23', 1, 40.65, 'Completed'),
(24, 'Smartwatch', '2022-09-19', 6, 70.04, 'Completed'),
(49, 'Board Game', '2024-07-07', 9, 67.53, 'Pending'),
(19, 'Vacuum Cleaner', '2024-08-14', 10, 9.76, 'Cancelled'),
(5, 'Jacket', '2023-03-23', 4, 40.65, 'Cancelled'),
(30, 'Tablet', '2024-09-25', 5, 96.85, 'Completed'),
(14, 'Smartwatch', '2023-11-21', 1, 70.04, 'Cancelled'),
(43, 'Board Game', '2024-09-23', 7, 67.53, 'Cancelled'),
(36, 'Headphones', '2024-12-08', 3, 19.48, 'Completed'),
(14, 'Lamp', '2024-12-21', 1, 41.31, 'Cancelled'),
(9, 'Jacket', '2023-12-13', 9, 40.65, 'Pending'),
(44, 'Vacuum Cleaner', '2024-01-16', 6, 9.76, 'Cancelled'),
(40, 'Action Figure', '2022-09-21', 9, 79.43, 'Cancelled'),
(2, 'Blender', '2024-11-30', 7, 95.17, 'Cancelled'),
(35, 'Blender', '2023-09-30', 5, 95.17, 'Cancelled'),
(49, 'Doll', '2024-06-14', 10, 41.61, 'Pending'),
(6, 'Jacket', '2023-08-28', 4, 40.65, 'Cancelled'),
(14, 'Headphones', '2024-03-27', 3, 19.48, 'Completed'),
(40, 'Doll', '2022-08-10', 4, 41.61, 'Cancelled'),
(10, 'Laptop', '2022-04-14', 6, 49.66, 'Pending'),
(38, 'Lamp', '2023-10-31', 4, 41.31, 'Pending'),
(49, 'Action Figure', '2024-04-02', 1, 79.43, 'Completed'),
(50, 'Toy Car', '2023-08-03', 5, 72.95, 'Completed'),
(16, 'Smartwatch', '2024-03-21', 5, 70.04, 'Pending'),
(7, 'Lawn Mower', '2022-07-13', 2, 45.48, 'Pending'),
(6, 'Action Figure', '2023-09-15', 10, 79.43, 'Completed'),
(49, 'Smartphone', '2024-05-30', 6, 50.47, 'Completed'),
(10, 'Smartwatch', '2023-12-18', 4, 70.04, 'Pending'),
(7, 'Action Figure', '2024-04-26', 7, 79.43, 'Cancelled'),
(35, 'Lamp', '2023-10-13', 9, 41.31, 'Pending'),
(19, 'Laptop', '2022-08-22', 2, 49.66, 'Cancelled'),
(9, 'Toy Car', '2022-01-02', 10, 72.95, 'Cancelled'),
(3, 'Smartphone', '2024-07-06', 4, 50.47, 'Completed'),
(14, 'Board Game', '2022-11-21', 10, 67.53, 'Pending'),
(17, 'Doll', '2022-08-26', 10, 41.61, 'Cancelled'),
(34, 'T-shirt', '2024-05-21', 4, 39.7, 'Cancelled'),
(12, 'Blender', '2024-04-24', 10, 95.17, 'Pending'),
(33, 'Board Game', '2024-02-08', 3, 67.53, 'Cancelled'),
(14, 'Board Game', '2024-08-10', 8, 67.53, 'Cancelled'),
(16, 'Smartphone', '2024-01-29', 2, 50.47, 'Pending'),
(44, 'Board Game', '2023-07-15', 6, 67.53, 'Completed'),
(18, 'Headphones', '2024-08-12', 9, 19.48, 'Cancelled'),
(21, 'Socks', '2024-09-12', 1, 19.61, 'Cancelled'),
(30, 'Sneakers', '2024-06-12', 10, 86.08, 'Pending'),
(31, 'Board Game', '2023-06-29', 8, 67.53, 'Pending'),
(24, 'Jacket', '2023-03-21', 8, 40.65, 'Completed'),
(8, 'Smartwatch', '2022-06-27', 5, 70.04, 'Completed'),
(38, 'Grill', '2024-08-25', 3, 99.32, 'Pending'),
(10, 'Smartphone', '2024-04-23', 2, 50.47, 'Completed'),
(19, 'T-shirt', '2022-05-27', 1, 39.7, 'Cancelled'),
(43, 'Smartwatch', '2023-07-07', 9, 70.04, 'Completed'),
(29, 'Jeans', '2023-10-23', 10, 58.89, 'Cancelled'),
(19, 'Lawn Mower', '2023-08-15', 3, 45.48, 'Cancelled'),
(17, 'Board Game', '2024-04-11', 8, 67.53, 'Pending'),
(10, 'Board Game', '2024-04-16', 4, 67.53, 'Pending'),
(46, 'Laptop', '2023-05-08', 6, 49.66, 'Completed'),
(35, 'Board Game', '2022-04-19', 8, 67.53, 'Completed'),
(13, 'Jacket', '2024-12-13', 1, 40.65, 'Cancelled'),
(19, 'Sneakers', '2023-04-04', 9, 86.08, 'Completed'),
(4, 'Lawn Mower', '2022-11-07', 3, 45.48, 'Pending'),
(8, 'Blender', '2024-04-02', 3, 95.17, 'Cancelled'),
(17, 'Vacuum Cleaner', '2024-03-07', 7, 9.76, 'Pending'),
(2, 'Tablet', '2022-06-27', 10, 96.85, 'Pending'),
(16, 'Laptop', '2023-02-26', 2, 49.66, 'Pending'),
(37, 'Lawn Mower', '2022-02-19', 1, 45.48, 'Pending'),
(29, 'Board Game', '2023-02-23', 10, 67.53, 'Completed'),
(23, 'Toy Car', '2024-07-29', 5, 72.95, 'Cancelled'),
(13, 'Smartphone', '2023-11-17', 5, 50.47, 'Completed'),
(34, 'Jeans', '2022-08-25', 6, 58.89, 'Cancelled'),
(24, 'Puzzle', '2024-08-11', 7, 10.42, 'Completed'),
(50, 'Blender', '2023-10-06', 1, 95.17, 'Pending'),
(49, 'Headphones', '2024-06-27', 9, 19.48, 'Pending'),
(18, 'Grill', '2024-08-26', 10, 99.32, 'Cancelled'),
(19, 'Headphones', '2023-06-12', 6, 19.48, 'Completed'),
(4, 'Puzzle', '2023-05-19', 2, 10.42, 'Pending'),
(20, 'Lamp', '2023-04-21', 2, 41.31, 'Completed'),
(29, 'Toy Car', '2024-06-13', 2, 72.95, 'Completed'),
(8, 'Lamp', '2022-07-08', 7, 41.31, 'Pending'),
(4, 'Headphones', '2024-03-17', 1, 19.48, 'Pending'),
(9, 'Action Figure', '2022-09-03', 3, 79.43, 'Pending'),
(47, 'Lawn Mower', '2022-12-22', 9, 45.48, 'Cancelled'),
(6, 'Jacket', '2022-06-29', 9, 40.65, 'Pending'),
(28, 'Jacket', '2022-10-03', 1, 40.65, 'Cancelled'),
(44, 'Sneakers', '2023-07-23', 1, 86.08, 'Completed'),
(30, 'Laptop', '2023-03-03', 7, 49.66, 'Completed'),
(31, 'Smartphone', '2023-08-28', 4, 50.47, 'Completed'),
(49, 'Sneakers', '2022-10-30', 3, 86.08, 'Pending'),
(11, 'Socks', '2024-01-20', 10, 19.61, 'Pending'),
(36, 'Vacuum Cleaner', '2023-12-30', 10, 9.76, 'Completed'),
(47, 'Lamp', '2024-01-04', 6, 41.31, 'Cancelled'),
(44, 'T-shirt', '2022-01-26', 10, 39.7, 'Cancelled'),
(20, 'Grill', '2023-06-03', 1, 99.32, 'Pending'),
(19, 'Jeans', '2023-12-01', 6, 58.89, 'Completed'),
(34, 'Lamp', '2022-05-11', 3, 41.31, 'Cancelled'),
(36, 'Grill', '2023-01-11', 8, 99.32, 'Pending'),
(39, 'Smartwatch', '2022-09-03', 3, 70.04, 'Cancelled'),
(35, 'Socks', '2024-07-02', 7, 19.61, 'Pending'),
(15, 'Doll', '2024-01-06', 8, 41.61, 'Completed'),
(44, 'Lawn Mower', '2024-03-27', 4, 45.48, 'Cancelled'),
(4, 'Headphones', '2024-12-04', 1, 19.48, 'Cancelled'),
(11, 'Tablet', '2024-03-15', 9, 96.85, 'Completed'),
(23, 'T-shirt', '2022-11-13', 6, 39.7, 'Cancelled'),
(20, 'Sneakers', '2024-07-13', 1, 86.08, 'Completed'),
(3, 'Laptop', '2023-01-29', 1, 49.66, 'Pending'),
(42, 'Lamp', '2022-09-14', 2, 41.31, 'Completed'),
(39, 'Puzzle', '2024-01-09', 8, 10.42, 'Completed'),
(10, 'Sneakers', '2023-11-14', 10, 86.08, 'Pending'),
(30, 'Headphones', '2022-08-14', 5, 19.48, 'Completed'),
(20, 'Smartwatch', '2024-08-19', 4, 70.04, 'Cancelled'),
(14, 'Sneakers', '2023-02-18', 4, 86.08, 'Pending'),
(9, 'Toy Car', '2022-05-28', 7, 72.95, 'Cancelled'),
(9, 'Smartwatch', '2022-03-26', 6, 70.04, 'Completed'),
(11, 'Vacuum Cleaner', '2022-09-02', 6, 9.76, 'Pending'),
(25, 'Smartphone', '2024-05-19', 6, 50.47, 'Pending'),
(42, 'Board Game', '2022-10-26', 4, 67.53, 'Cancelled'),
(24, 'Blender', '2024-01-13', 1, 95.17, 'Cancelled'),
(19, 'Action Figure', '2024-07-21', 7, 79.43, 'Completed'),
(37, 'Grill', '2023-06-29', 1, 99.32, 'Completed'),
(14, 'Blender', '2022-06-18', 4, 95.17, 'Pending'),
(9, 'Doll', '2024-04-25', 1, 41.61, 'Completed'),
(9, 'T-shirt', '2024-07-24', 4, 39.7, 'Cancelled'),
(15, 'Sneakers', '2022-09-26', 10, 86.08, 'Completed'),
(38, 'Smartphone', '2024-10-22', 3, 50.47, 'Completed'),
(24, 'Board Game', '2022-05-27', 1, 67.53, 'Cancelled'),
(1, 'Lawn Mower', '2023-11-13', 5, 45.48, 'Completed'),
(23, 'Grill', '2023-06-04', 8, 99.32, 'Pending'),
(4, 'Socks', '2024-01-27', 9, 19.61, 'Cancelled'),
(8, 'Action Figure', '2024-11-03', 10, 79.43, 'Completed'),
(32, 'Smartwatch', '2022-07-15', 6, 70.04, 'Completed'),
(44, 'Laptop', '2023-07-06', 10, 49.66, 'Pending'),
(21, 'Laptop', '2024-03-12', 1, 49.66, 'Pending'),
(3, 'Tablet', '2022-09-13', 9, 96.85, 'Completed'),
(11, 'Jeans', '2023-11-06', 7, 58.89, 'Pending'),
(18, 'Socks', '2024-09-12', 8, 19.61, 'Completed'),
(31, 'Puzzle', '2023-04-29', 1, 10.42, 'Completed'),
(48, 'Board Game', '2024-10-25', 7, 67.53, 'Cancelled'),
(6, 'Jeans', '2024-10-15', 9, 58.89, 'Cancelled'),
(41, 'Smartwatch', '2024-06-13', 4, 70.04, 'Cancelled'),
(27, 'Laptop', '2022-07-13', 4, 49.66, 'Cancelled'),
(33, 'Tablet', '2024-04-28', 10, 96.85, 'Completed'),
(8, 'Laptop', '2024-02-05', 7, 49.66, 'Pending'),
(8, 'T-shirt', '2022-04-28', 2, 39.7, 'Completed'),
(18, 'Tablet', '2022-12-23', 4, 96.85, 'Cancelled'),
(27, 'Sneakers', '2024-11-25', 5, 86.08, 'Cancelled'),
(35, 'Smartphone', '2023-10-26', 1, 50.47, 'Cancelled'),
(18, 'Lawn Mower', '2024-07-24', 9, 45.48, 'Completed'),
(10, 'T-shirt', '2023-04-17', 4, 39.7, 'Completed'),
(37, 'T-shirt', '2023-05-12', 2, 39.7, 'Pending'),
(38, 'Smartwatch', '2022-11-20', 10, 70.04, 'Pending'),
(29, 'Sneakers', '2022-03-07', 4, 86.08, 'Pending'),
(14, 'Lamp', '2022-05-08', 9, 41.31, 'Completed'),
(50, 'Tablet', '2024-04-19', 8, 96.85, 'Cancelled'),
(16, 'Smartphone', '2022-07-24', 8, 50.47, 'Completed'),
(21, 'Jeans', '2023-05-01', 3, 58.89, 'Completed'),
(35, 'Action Figure', '2022-03-11', 1, 79.43, 'Pending'),
(17, 'Puzzle', '2024-06-27', 5, 10.42, 'Pending'),
(46, 'Sneakers', '2023-11-18', 10, 86.08, 'Pending'),
(20, 'T-shirt', '2024-04-28', 10, 39.7, 'Pending'),
(17, 'Tablet', '2024-01-08', 1, 96.85, 'Completed'),
(36, 'Vacuum Cleaner', '2023-09-30', 5, 9.76, 'Completed'),
(13, 'Socks', '2022-09-29', 5, 19.61, 'Completed'),
(33, 'Smartwatch', '2022-08-24', 9, 70.04, 'Pending'),
(38, 'Socks', '2023-04-20', 3, 19.61, 'Completed'),
(1, 'Smartphone', '2024-10-23', 5, 50.47, 'Pending'),
(44, 'Vacuum Cleaner', '2023-09-20', 10, 9.76, 'Completed'),
(16, 'Doll', '2024-07-24', 4, 41.61, 'Cancelled'),
(26, 'Sneakers', '2024-03-20', 1, 86.08, 'Cancelled'),
(1, 'Doll', '2024-01-19', 5, 41.61, 'Pending'),
(4, 'Sneakers', '2023-03-30', 7, 86.08, 'Pending'),
(21, 'Toy Car', '2022-02-14', 9, 72.95, 'Pending'),
(47, 'Sneakers', '2022-09-26', 3, 86.08, 'Completed'),
(28, 'Doll', '2024-12-10', 3, 41.61, 'Pending'),
(6, 'Blender', '2022-05-18', 8, 95.17, 'Completed'),
(32, 'Jeans', '2022-01-27', 7, 58.89, 'Pending'),
(2, 'Lawn Mower', '2022-08-17', 4, 45.48, 'Cancelled'),
(28, 'T-shirt', '2023-01-21', 6, 39.7, 'Pending'),
(19, 'Doll', '2022-06-21', 9, 41.61, 'Pending'),
(3, 'Blender', '2024-08-20', 9, 95.17, 'Pending'),
(27, 'Blender', '2022-01-18', 6, 95.17, 'Cancelled'),
(6, 'Lamp', '2024-08-17', 8, 41.31, 'Completed'),
(27, 'Doll', '2024-05-06', 1, 41.61, 'Pending'),
(39, 'Smartwatch', '2022-01-16', 7, 70.04, 'Cancelled'),
(30, 'Tablet', '2023-06-01', 3, 96.85, 'Completed'),
(22, 'Toy Car', '2023-02-19', 3, 72.95, 'Completed'),
(48, 'Board Game', '2023-01-30', 1, 67.53, 'Cancelled'),
(9, 'Lamp', '2024-09-06', 8, 41.31, 'Completed'),
(9, 'Smartwatch', '2023-11-19', 1, 70.04, 'Cancelled'),
(29, 'Headphones', '2023-07-24', 5, 19.48, 'Cancelled'),
(6, 'Vacuum Cleaner', '2024-02-08', 6, 9.76, 'Pending'),
(35, 'Socks', '2022-06-22', 6, 19.61, 'Cancelled'),
(39, 'Lamp', '2024-09-08', 1, 41.31, 'Pending'),
(33, 'Puzzle', '2022-08-23', 8, 10.42, 'Completed'),
(29, 'Smartphone', '2023-05-16', 8, 50.47, 'Completed'),
(6, 'Tablet', '2024-05-23', 1, 96.85, 'Pending'),
(10, 'Smartwatch', '2024-10-06', 8, 70.04, 'Pending'),
(36, 'Lawn Mower', '2022-07-24', 8, 45.48, 'Completed'),
(46, 'Puzzle', '2022-04-09', 10, 10.42, 'Completed'),
(46, 'Board Game', '2023-01-07', 2, 67.53, 'Cancelled'),
(2, 'Doll', '2023-01-24', 1, 41.61, 'Pending'),
(14, 'Socks', '2024-11-08', 7, 19.61, 'Pending'),
(42, 'Headphones', '2022-02-15', 6, 19.48, 'Completed'),
(2, 'Puzzle', '2024-09-02', 2, 10.42, 'Completed'),
(9, 'Grill', '2023-04-26', 4, 99.32, 'Completed'),
(36, 'Blender', '2022-12-29', 3, 95.17, 'Cancelled'),
(50, 'Tablet', '2022-06-25', 8, 96.85, 'Pending'),
(46, 'Lawn Mower', '2023-03-30', 7, 45.48, 'Cancelled'),
(45, 'Headphones', '2024-10-19', 3, 19.48, 'Cancelled'),
(31, 'Board Game', '2023-04-03', 6, 67.53, 'Pending'),
(9, 'Puzzle', '2023-01-22', 5, 10.42, 'Completed'),
(30, 'Action Figure', '2024-08-13', 6, 79.43, 'Cancelled'),
(25, 'Sneakers', '2023-07-11', 8, 86.08, 'Pending'),
(23, 'Tablet', '2022-03-04', 4, 96.85, 'Completed'),
(1, 'Jacket', '2022-06-06', 4, 40.65, 'Completed'),
(14, 'Vacuum Cleaner', '2023-06-26', 9, 9.76, 'Pending'),
(6, 'Tablet', '2024-03-03', 8, 96.85, 'Pending'),
(14, 'Smartwatch', '2023-10-12', 10, 70.04, 'Completed'),
(25, 'Smartwatch', '2022-12-01', 5, 70.04, 'Pending'),
(44, 'Lawn Mower', '2023-10-23', 3, 45.48, 'Cancelled'),
(4, 'Socks', '2022-08-22', 4, 19.61, 'Pending'),
(18, 'Smartphone', '2024-01-20', 1, 50.47, 'Cancelled'),
(29, 'Lawn Mower', '2022-10-21', 9, 45.48, 'Cancelled'),
(23, 'Blender', '2023-11-13', 2, 95.17, 'Cancelled'),
(39, 'Lamp', '2022-02-09', 6, 41.31, 'Pending'),
(32, 'Lawn Mower', '2024-02-02', 3, 45.48, 'Completed'),
(4, 'T-shirt', '2022-05-27', 2, 39.7, 'Pending'),
(11, 'Socks', '2022-02-04', 10, 19.61, 'Cancelled'),
(49, 'Sneakers', '2024-12-23', 8, 86.08, 'Cancelled'),
(48, 'Vacuum Cleaner', '2024-05-08', 3, 9.76, 'Pending'),
(31, 'Smartphone', '2022-03-15', 3, 50.47, 'Pending'),
(34, 'Puzzle', '2022-01-05', 9, 10.42, 'Completed'),
(25, 'T-shirt', '2023-02-25', 2, 39.7, 'Cancelled'),
(10, 'Toy Car', '2023-06-03', 3, 72.95, 'Pending'),
(31, 'Headphones', '2023-11-03', 2, 19.48, 'Completed'),
(31, 'Tablet', '2022-03-26', 7, 96.85, 'Completed'),
(39, 'Blender', '2023-05-01', 8, 95.17, 'Cancelled'),
(8, 'Lamp', '2023-01-05', 6, 41.31, 'Completed'),
(46, 'Socks', '2024-12-07', 2, 19.61, 'Cancelled'),
(34, 'Vacuum Cleaner', '2024-01-21', 1, 9.76, 'Pending'),
(25, 'Smartwatch', '2023-09-10', 3, 70.04, 'Cancelled'),
(29, 'Board Game', '2024-08-26', 9, 67.53, 'Completed'),
(16, 'Blender', '2022-02-28', 5, 95.17, 'Cancelled'),
(41, 'Lawn Mower', '2022-09-30', 7, 45.48, 'Completed'),
(7, 'Headphones', '2024-09-19', 4, 19.48, 'Cancelled'),
(25, 'Sneakers', '2024-10-28', 8, 86.08, 'Pending'),
(37, 'Puzzle', '2024-07-18', 3, 10.42, 'Pending'),
(4, 'Blender', '2023-03-06', 10, 95.17, 'Cancelled'),
(7, 'Tablet', '2023-06-04', 3, 96.85, 'Pending'),
(15, 'Toy Car', '2022-06-18', 1, 72.95, 'Completed'),
(18, 'T-shirt', '2024-07-21', 4, 39.7, 'Completed'),
(24, 'Sneakers', '2023-11-13', 7, 86.08, 'Pending'),
(37, 'Toy Car', '2022-06-16', 9, 72.95, 'Completed'),
(22, 'Laptop', '2022-08-20', 9, 49.66, 'Cancelled'),
(21, 'Laptop', '2024-04-08', 6, 49.66, 'Pending'),
(2, 'Action Figure', '2023-06-15', 1, 79.43, 'Cancelled'),
(27, 'Action Figure', '2024-02-24', 5, 79.43, 'Completed'),
(27, 'Toy Car', '2024-06-08', 5, 72.95, 'Cancelled'),
(27, 'Laptop', '2023-09-28', 6, 49.66, 'Cancelled'),
(6, 'Jacket', '2022-07-31', 5, 40.65, 'Cancelled'),
(10, 'Jeans', '2022-12-13', 1, 58.89, 'Completed'),
(1, 'Action Figure', '2022-12-19', 9, 79.43, 'Pending'),
(28, 'Action Figure', '2024-04-25', 4, 79.43, 'Completed'),
(9, 'Laptop', '2023-10-25', 10, 49.66, 'Pending'),
(8, 'Vacuum Cleaner', '2023-10-26', 4, 9.76, 'Pending'),
(29, 'Action Figure', '2023-08-10', 2, 79.43, 'Pending'),
(19, 'Headphones', '2022-09-19', 8, 19.48, 'Pending'),
(28, 'Action Figure', '2023-09-05', 4, 79.43, 'Completed'),
(41, 'Grill', '2024-04-12', 3, 99.32, 'Cancelled'),
(38, 'Board Game', '2024-06-13', 8, 67.53, 'Completed'),
(14, 'Puzzle', '2023-07-20', 8, 10.42, 'Cancelled'),
(10, 'Sneakers', '2024-11-04', 8, 86.08, 'Completed'),
(1, 'Board Game', '2022-01-25', 4, 67.53, 'Pending'),
(34, 'Smartwatch', '2024-07-03', 2, 70.04, 'Completed'),
(49, 'Lawn Mower', '2023-09-02', 5, 45.48, 'Cancelled'),
(46, 'Board Game', '2023-07-15', 5, 67.53, 'Completed'),
(9, 'T-shirt', '2022-08-09', 7, 39.7, 'Completed'),
(48, 'Jacket', '2024-06-30', 9, 40.65, 'Pending'),
(46, 'Doll', '2023-07-19', 10, 41.61, 'Pending'),
(19, 'Board Game', '2023-12-11', 3, 67.53, 'Pending'),
(14, 'Board Game', '2022-04-16', 1, 67.53, 'Completed'),
(33, 'Smartwatch', '2024-02-04', 8, 70.04, 'Completed'),
(10, 'Vacuum Cleaner', '2022-11-20', 6, 9.76, 'Pending'),
(39, 'Doll', '2022-06-04', 7, 41.61, 'Pending'),
(29, 'Headphones', '2023-05-31', 3, 19.48, 'Completed'),
(1, 'Smartphone', '2023-05-31', 1, 50.47, 'Pending'),
(28, 'Socks', '2022-11-04', 1, 19.61, 'Cancelled'),
(33, 'Doll', '2022-09-07', 4, 41.61, 'Cancelled'),
(37, 'Vacuum Cleaner', '2024-12-02', 8, 9.76, 'Cancelled'),
(38, 'Jeans', '2023-08-19', 4, 58.89, 'Completed'),
(14, 'Headphones', '2022-04-01', 9, 19.48, 'Completed'),
(24, 'Vacuum Cleaner', '2023-11-03', 2, 9.76, 'Completed'),
(47, 'Vacuum Cleaner', '2022-09-30', 9, 9.76, 'Completed'),
(11, 'Smartwatch', '2023-08-07', 3, 70.04, 'Pending'),
(36, 'Headphones', '2022-12-01', 8, 19.48, 'Cancelled'),
(44, 'Vacuum Cleaner', '2023-06-15', 9, 9.76, 'Pending'),
(33, 'Jeans', '2024-12-07', 5, 58.89, 'Completed'),
(6, 'Blender', '2023-10-17', 4, 95.17, 'Cancelled'),
(16, 'Lamp', '2024-07-30', 1, 41.31, 'Completed'),
(39, 'Jacket', '2024-10-21', 3, 40.65, 'Pending'),
(23, 'Jeans', '2023-11-17', 6, 58.89, 'Completed'),
(31, 'Grill', '2022-08-03', 8, 99.32, 'Completed'),
(41, 'Action Figure', '2022-07-01', 6, 79.43, 'Cancelled'),
(27, 'Blender', '2022-02-19', 9, 95.17, 'Cancelled'),
(22, 'Toy Car', '2023-03-01', 1, 72.95, 'Pending'),
(45, 'Laptop', '2022-10-14', 9, 49.66, 'Pending'),
(39, 'Headphones', '2022-11-04', 1, 19.48, 'Pending'),
(35, 'T-shirt', '2022-07-01', 2, 39.7, 'Completed'),
(13, 'Action Figure', '2024-10-12', 7, 79.43, 'Pending'),
(9, 'Sneakers', '2024-07-27', 5, 86.08, 'Pending'),
(34, 'Puzzle', '2024-01-26', 10, 10.42, 'Completed'),
(25, 'Toy Car', '2022-03-03', 8, 72.95, 'Pending'),
(44, 'Tablet', '2023-12-10', 8, 96.85, 'Completed'),
(12, 'Lamp', '2022-06-12', 8, 41.31, 'Pending'),
(12, 'Tablet', '2023-12-19', 8, 96.85, 'Cancelled'),
(1, 'Doll', '2023-10-20', 9, 41.61, 'Completed'),
(45, 'Grill', '2022-10-31', 10, 99.32, 'Cancelled'),
(12, 'Lamp', '2022-06-19', 1, 41.31, 'Cancelled'),
(17, 'Smartphone', '2024-07-17', 9, 50.47, 'Completed'),
(14, 'Tablet', '2023-11-10', 2, 96.85, 'Cancelled'),
(5, 'Board Game', '2022-09-03', 8, 67.53, 'Pending'),
(6, 'Board Game', '2023-03-24', 4, 67.53, 'Completed'),
(8, 'Smartwatch', '2022-01-05', 9, 70.04, 'Pending'),
(38, 'Doll', '2023-11-30', 4, 41.61, 'Completed'),
(1, 'Smartphone', '2022-07-22', 3, 50.47, 'Cancelled'),
(30, 'Smartwatch', '2023-12-24', 6, 70.04, 'Pending'),
(18, 'Action Figure', '2022-07-04', 6, 79.43, 'Completed'),
(4, 'Laptop', '2024-12-26', 1, 49.66, 'Cancelled'),
(19, 'Jacket', '2023-01-05', 2, 40.65, 'Pending'),
(29, 'Vacuum Cleaner', '2022-06-23', 7, 9.76, 'Completed'),
(27, 'Lamp', '2022-07-03', 1, 41.31, 'Completed'),
(37, 'T-shirt', '2023-06-08', 5, 39.7, 'Cancelled'),
(3, 'Laptop', '2024-09-17', 5, 49.66, 'Pending'),
(8, 'Jacket', '2023-10-11', 1, 40.65, 'Pending'),
(18, 'Action Figure', '2022-10-08', 10, 79.43, 'Pending'),
(45, 'T-shirt', '2022-04-24', 6, 39.7, 'Completed'),
(17, 'Socks', '2022-10-15', 6, 19.61, 'Cancelled'),
(13, 'Blender', '2024-08-05', 5, 95.17, 'Cancelled'),
(5, 'Tablet', '2024-01-25', 7, 96.85, 'Completed'),
(24, 'Lawn Mower', '2023-04-28', 3, 45.48, 'Cancelled'),
(38, 'Smartwatch', '2023-11-30', 4, 70.04, 'Cancelled'),
(22, 'Sneakers', '2024-05-03', 5, 86.08, 'Completed'),
(2, 'Toy Car', '2023-07-16', 7, 72.95, 'Cancelled'),
(18, 'Headphones', '2022-11-22', 5, 19.48, 'Completed'),
(10, 'T-shirt', '2022-04-27', 9, 39.7, 'Cancelled'),
(22, 'Socks', '2024-03-28', 1, 19.61, 'Cancelled'),
(6, 'Lamp', '2023-11-11', 1, 41.31, 'Cancelled'),
(35, 'Grill', '2023-10-31', 9, 99.32, 'Cancelled'),
(13, 'Tablet', '2022-07-14', 9, 96.85, 'Pending'),
(41, 'Smartphone', '2024-01-01', 9, 50.47, 'Cancelled'),
(45, 'Doll', '2023-08-12', 9, 41.61, 'Cancelled'),
(42, 'Lawn Mower', '2023-06-04', 9, 45.48, 'Completed'),
(3, 'Jeans', '2023-03-15', 3, 58.89, 'Cancelled'),
(44, 'Sneakers', '2023-11-16', 1, 86.08, 'Completed'),
(5, 'Sneakers', '2024-12-01', 5, 86.08, 'Completed'),
(12, 'Headphones', '2023-06-04', 8, 19.48, 'Completed'),
(12, 'Laptop', '2022-01-13', 5, 49.66, 'Cancelled'),
(50, 'Tablet', '2023-09-27', 9, 96.85, 'Pending'),
(5, 'Lawn Mower', '2023-09-03', 1, 45.48, 'Cancelled'),
(3, 'Lamp', '2024-11-24', 7, 41.31, 'Cancelled'),
(32, 'Jacket', '2022-08-24', 9, 40.65, 'Cancelled'),
(33, 'Toy Car', '2022-11-07', 2, 72.95, 'Cancelled'),
(9, 'Smartphone', '2024-07-22', 2, 50.47, 'Completed'),
(47, 'Socks', '2024-04-08', 6, 19.61, 'Completed'),
(21, 'Puzzle', '2024-10-28', 4, 10.42, 'Cancelled'),
(1, 'Doll', '2022-01-10', 8, 41.61, 'Pending'),
(19, 'Jacket', '2023-01-15', 1, 40.65, 'Pending'),
(38, 'Grill', '2024-08-16', 7, 99.32, 'Completed'),
(50, 'Sneakers', '2024-02-19', 4, 86.08, 'Completed'),
(34, 'Laptop', '2024-01-27', 3, 49.66, 'Cancelled'),
(39, 'Laptop', '2024-12-24', 7, 49.66, 'Completed'),
(48, 'Headphones', '2023-11-27', 9, 19.48, 'Cancelled'),
(16, 'Tablet', '2024-01-22', 9, 96.85, 'Cancelled'),
(23, 'Doll', '2022-06-24', 4, 41.61, 'Completed'),
(5, 'Grill', '2024-04-24', 2, 99.32, 'Pending'),
(35, 'Action Figure', '2022-01-16', 3, 79.43, 'Cancelled'),
(46, 'Doll', '2022-05-11', 3, 41.61, 'Cancelled'),
(13, 'Doll', '2024-07-27', 7, 41.61, 'Completed'),
(30, 'Action Figure', '2024-12-29', 6, 79.43, 'Completed'),
(40, 'Socks', '2022-04-12', 9, 19.61, 'Cancelled'),
(3, 'Doll', '2023-08-08', 7, 41.61, 'Pending'),
(39, 'Blender', '2024-11-14', 2, 95.17, 'Completed'),
(19, 'Action Figure', '2022-11-08', 8, 79.43, 'Cancelled'),
(12, 'Grill', '2022-03-10', 6, 99.32, 'Cancelled'),
(11, 'Vacuum Cleaner', '2024-06-05', 3, 9.76, 'Cancelled'),
(28, 'Doll', '2024-05-19', 2, 41.61, 'Pending'),
(43, 'Toy Car', '2022-08-18', 3, 72.95, 'Pending'),
(50, 'Puzzle', '2024-08-26', 9, 10.42, 'Pending'),
(19, 'Jacket', '2023-09-12', 9, 40.65, 'Pending'),
(35, 'Board Game', '2024-03-25', 8, 67.53, 'Cancelled'),
(32, 'Jacket', '2024-02-23', 6, 40.65, 'Pending'),
(50, 'Socks', '2024-06-19', 10, 19.61, 'Pending'),
(16, 'Grill', '2022-12-16', 4, 99.32, 'Cancelled'),
(41, 'Vacuum Cleaner', '2022-11-23', 9, 9.76, 'Pending'),
(8, 'Jacket', '2024-10-10', 5, 40.65, 'Pending'),
(12, 'Lawn Mower', '2024-01-10', 4, 45.48, 'Cancelled'),
(10, 'Sneakers', '2024-11-05', 6, 86.08, 'Cancelled'),
(25, 'Headphones', '2023-01-11', 10, 19.48, 'Pending'),
(43, 'Headphones', '2024-04-22', 10, 19.48, 'Cancelled'),
(15, 'Tablet', '2023-04-08', 6, 96.85, 'Cancelled'),
(18, 'Toy Car', '2024-12-13', 3, 72.95, 'Pending'),
(34, 'Tablet', '2023-01-05', 4, 96.85, 'Cancelled'),
(8, 'Tablet', '2022-03-31', 3, 96.85, 'Completed'),
(46, 'Sneakers', '2022-11-09', 9, 86.08, 'Pending'),
(41, 'Lawn Mower', '2024-05-27', 4, 45.48, 'Pending'),
(30, 'Socks', '2022-08-26', 10, 19.61, 'Pending'),
(19, 'Doll', '2023-07-25', 2, 41.61, 'Completed'),
(45, 'Jacket', '2024-12-17', 6, 40.65, 'Cancelled'),
(22, 'Board Game', '2024-02-06', 9, 67.53, 'Cancelled'),
(43, 'Smartphone', '2022-02-26', 3, 50.47, 'Completed'),
(46, 'Grill', '2024-08-17', 6, 99.32, 'Completed'),
(4, 'Smartwatch', '2023-02-17', 7, 70.04, 'Cancelled'),
(12, 'Jeans', '2023-02-09', 7, 58.89, 'Completed'),
(5, 'Action Figure', '2022-11-23', 5, 79.43, 'Pending'),
(41, 'Jacket', '2022-03-19', 9, 40.65, 'Completed'),
(48, 'Lamp', '2024-08-06', 10, 41.31, 'Cancelled'),
(15, 'Jacket', '2024-02-28', 9, 40.65, 'Cancelled'),
(6, 'Blender', '2023-06-14', 2, 95.17, 'Cancelled'),
(14, 'Jacket', '2022-04-25', 6, 40.65, 'Pending'),
(12, 'Jacket', '2022-02-24', 2, 40.65, 'Pending'),
(13, 'Action Figure', '2024-12-09', 10, 79.43, 'Cancelled'),
(47, 'T-shirt', '2023-04-12', 1, 39.7, 'Pending'),
(22, 'Headphones', '2023-10-23', 5, 19.48, 'Completed'),
(9, 'Toy Car', '2024-01-19', 3, 72.95, 'Pending'),
(12, 'Board Game', '2023-12-29', 8, 67.53, 'Completed'),
(11, 'Board Game', '2024-11-27', 2, 67.53, 'Completed'),
(23, 'T-shirt', '2022-10-04', 7, 39.7, 'Cancelled'),
(9, 'Action Figure', '2023-02-18', 5, 79.43, 'Pending'),
(32, 'Smartwatch', '2023-06-29', 7, 70.04, 'Cancelled'),
(1, 'Action Figure', '2023-07-19', 1, 79.43, 'Completed'),
(11, 'Lamp', '2023-07-05', 7, 41.31, 'Completed'),
(37, 'Puzzle', '2022-04-02', 5, 10.42, 'Pending'),
(9, 'Laptop', '2023-11-24', 10, 49.66, 'Cancelled'),
(28, 'Action Figure', '2022-11-09', 10, 79.43, 'Cancelled'),
(50, 'Smartphone', '2022-02-22', 1, 50.47, 'Pending'),
(17, 'Tablet', '2022-07-01', 9, 96.85, 'Completed'),
(47, 'Puzzle', '2024-01-10', 8, 10.42, 'Completed'),
(38, 'Jeans', '2024-10-13', 9, 58.89, 'Pending'),
(33, 'Action Figure', '2022-07-27', 10, 79.43, 'Completed'),
(23, 'Headphones', '2024-06-08', 3, 19.48, 'Cancelled');

INSERT INTO sales_order (customer_id, product_name, order_date, quantity, unit_price, status) VALUES
                                                                                                  (51, 'Wireless Headphones', '2024-01-15', 2, 129.99, 'Pending'),
                                                                                                  (52, 'Smart Watch', '2023-07-22', 1, 199.50, 'Completed'),
                                                                                                  (53, 'Running Shoes', '2024-02-10', 3, 89.95, 'Pending'),
                                                                                                  (54, 'Gaming Keyboard', '2023-11-05', 1, 129.00, 'Cancelled'),
                                                                                                  (55, 'Portable Speaker', '2024-05-18', 4, 75.25, 'Pending'),
                                                                                                  (56, 'Coffee Maker', '2023-09-30', 2, 89.99, 'Completed'),
                                                                                                  (57, 'Fitness Tracker', '2024-03-14', 3, 59.99, 'Pending'),
                                                                                                  (58, 'Bluetooth Earbuds', '2023-06-08', 1, 99.50, 'Cancelled'),
                                                                                                  (59, 'Winter Jacket', '2024-01-25', 2, 149.95, 'Pending'),
                                                                                                  (60, 'Desk Lamp', '2023-08-17', 1, 45.75, 'Completed'),
                                                                                                  (61, 'Yoga Mat', '2024-04-02', 3, 39.99, 'Pending'),
                                                                                                  (62, 'Drone', '2023-10-19', 1, 299.50, 'Cancelled'),
                                                                                                  (63, 'Tennis Racket', '2024-02-28', 2, 129.00, 'Pending'),
                                                                                                  (64, 'External Hard Drive', '2023-05-12', 1, 89.99, 'Completed'),
                                                                                                  (65, 'Cookware Set', '2024-06-07', 3, 199.95, 'Pending'),
                                                                                                  (66, 'Digital Camera', '2023-12-03', 1, 449.99, 'Cancelled'),
                                                                                                  (67, 'Hiking Backpack', '2024-01-08', 2, 99.50, 'Pending'),
                                                                                                  (68, 'Smartphone', '2023-09-14', 1, 599.99, 'Completed'),
                                                                                                  (69, 'Noise-Cancelling Headphones', '2024-03-22', 3, 249.99, 'Pending'),
                                                                                                  (70, 'Electric Toothbrush', '2023-07-05', 1, 79.50, 'Cancelled'),
                                                                                                  (71, 'Sunglasses', '2024-05-01', 2, 129.00, 'Pending'),
                                                                                                  (72, 'Portable Charger', '2023-11-20', 1, 39.99, 'Completed'),
                                                                                                  (73, 'Cycling Helmet', '2024-02-15', 3, 89.95, 'Pending'),
                                                                                                  (74, 'Tablet', '2023-08-03', 1, 299.50, 'Cancelled'),
                                                                                                  (75, 'Golf Clubs', '2024-01-30', 2, 399.99, 'Pending'),
                                                                                                  (76, 'Microwave Oven', '2023-06-25', 1, 129.99, 'Completed'),
                                                                                                  (77, 'Basketball', '2024-04-17', 3, 29.99, 'Pending'),
                                                                                                  (78, 'Blender', '2023-10-05', 1, 89.50, 'Cancelled'),
                                                                                                  (79, 'Hiking Boots', '2024-03-08', 2, 159.99, 'Pending'),
                                                                                                  (80, 'Wireless Charger', '2023-05-29', 1, 49.99, 'Completed'),
                                                                                                  (81, 'Camping Tent', '2024-06-22', 3, 249.95, 'Pending'),
                                                                                                  (82, 'Fitness Scale', '2023-09-02', 1, 79.50, 'Cancelled'),
                                                                                                  (83, 'Ski Goggles', '2024-02-05', 2, 99.00, 'Pending'),
                                                                                                  (84, 'Robot Vacuum', '2023-07-18', 1, 299.99, 'Completed');